{"hvap_over_40":{"median":0.0,"max":0,"min":0,"mean":0.0},"bvap_over_25":{"median":4.0,"max":6,"min":2,"mean":4.073442926557074},"hvap_over_35":{"median":0.0,"max":0,"min":0,"mean":0.0},"b+hvap_over_30":{"median":3.0,"max":5,"min":1,"mean":2.8836291163708836},"bvap_over_45":{"median":0.0,"max":1,"min":0,"mean":0.007195992804007196},"b+hvap_over_50":{"median":0.0,"max":1,"min":0,"mean":0.001347998652001348},"bvap_over_50":{"median":0.0,"max":1,"min":0,"mean":0.00020899979100020899},"hvap_over_30":{"median":0.0,"max":0,"min":0,"mean":0.0},"bvap_over_40":{"median":0.0,"max":2,"min":0,"mean":0.16704583295416706},"b+hvap_over_45":{"median":0.0,"max":2,"min":0,"mean":0.04867895132104868},"hvap_over_50":{"median":0.0,"max":0,"min":0,"mean":0.0},"b+hvap_over_25":{"median":4.0,"max":6,"min":3,"mean":4.447977552022448},"bvap_over_30":{"median":2.0,"max":4,"min":0,"mean":2.0245929754070247},"hvap_over_25":{"median":0.0,"max":0,"min":0,"mean":0.0},"b+hvap_over_40":{"median":1.0,"max":3,"min":0,"mean":0.563968436031564},"hvap_over_45":{"median":0.0,"max":0,"min":0,"mean":0.0},"bvap_over_35":{"median":1.0,"max":3,"min":0,"mean":0.9337310662689338},"b+hvap_over_35":{"median":2.0,"max":3,"min":0,"mean":1.622964377035623}}