{"hvap_over_40":{"median":0.0,"max":0,"min":0,"mean":0.0},"bvap_over_25":{"median":40.0,"max":48,"min":32,"mean":40.474697525302474},"hvap_over_35":{"median":0.0,"max":0,"min":0,"mean":0.0},"b+hvap_over_30":{"median":37.0,"max":46,"min":28,"mean":37.27905372094628},"bvap_over_45":{"median":17.0,"max":23,"min":11,"mean":16.834369165630836},"b+hvap_over_50":{"median":15.0,"max":23,"min":9,"mean":15.145377854622145},"bvap_over_50":{"median":13.0,"max":19,"min":7,"mean":13.454445545554455},"hvap_over_30":{"median":0.0,"max":0,"min":0,"mean":0.0},"bvap_over_40":{"median":21.0,"max":28,"min":14,"mean":20.736182263817735},"b+hvap_over_45":{"median":19.0,"max":25,"min":12,"mean":18.76185523814476},"hvap_over_50":{"median":0.0,"max":0,"min":0,"mean":0.0},"b+hvap_over_25":{"median":47.0,"max":56,"min":38,"mean":46.97175202824797},"bvap_over_30":{"median":33.0,"max":41,"min":24,"mean":32.66043533956466},"hvap_over_25":{"median":0.0,"max":0,"min":0,"mean":0.0},"b+hvap_over_40":{"median":23.0,"max":31,"min":16,"mean":23.275651724348275},"hvap_over_45":{"median":0.0,"max":0,"min":0,"mean":0.0},"bvap_over_35":{"median":26.0,"max":34,"min":18,"mean":25.846087153912848},"b+hvap_over_35":{"median":29.0,"max":37,"min":21,"mean":29.13939886060114}}