{"hvap_over_40":{"median":0.0,"max":0,"min":0,"mean":0.0},"bvap_over_25":{"median":15.0,"max":21,"min":9,"mean":15.127831936084032},"hvap_over_35":{"median":0.0,"max":0,"min":0,"mean":0.0},"b+hvap_over_30":{"median":14.0,"max":19,"min":8,"mean":13.549124725437638},"bvap_over_45":{"median":4.0,"max":8,"min":0,"mean":4.118540940729529},"b+hvap_over_50":{"median":3.0,"max":7,"min":0,"mean":3.336563831718084},"bvap_over_50":{"median":3.0,"max":7,"min":0,"mean":2.6706781646609175},"hvap_over_30":{"median":0.0,"max":0,"min":0,"mean":0.0},"bvap_over_40":{"median":6.0,"max":11,"min":2,"mean":5.899622550188725},"b+hvap_over_45":{"median":5.0,"max":9,"min":1,"mean":4.953825523087239},"hvap_over_50":{"median":0.0,"max":0,"min":0,"mean":0.0},"b+hvap_over_25":{"median":17.0,"max":23,"min":12,"mean":17.460990269504865},"bvap_over_30":{"median":12.0,"max":17,"min":6,"mean":11.710903644548178},"hvap_over_25":{"median":0.0,"max":0,"min":0,"mean":0.0},"b+hvap_over_40":{"median":7.0,"max":12,"min":2,"mean":7.045377977311011},"hvap_over_45":{"median":0.0,"max":0,"min":0,"mean":0.0},"bvap_over_35":{"median":8.0,"max":14,"min":4,"mean":8.36170981914509},"b+hvap_over_35":{"median":10.0,"max":16,"min":5,"mean":10.052133973933014}}