{"hvap_over_40":{"median":0.0,"max":0,"min":0,"mean":0.0},"bvap_over_25":{"median":9.0,"max":13,"min":5,"mean":8.723939138030431},"hvap_over_35":{"median":0.0,"max":1,"min":0,"mean":1.39999930000035e-5},"b+hvap_over_30":{"median":8.0,"max":13,"min":4,"mean":7.988937005531497},"bvap_over_45":{"median":2.0,"max":5,"min":0,"mean":1.9189460405269798},"b+hvap_over_50":{"median":1.0,"max":4,"min":0,"mean":1.4347577826211086},"bvap_over_50":{"median":1.0,"max":3,"min":0,"mean":0.6392331803834098},"hvap_over_30":{"median":0.0,"max":1,"min":0,"mean":0.024351987824006088},"bvap_over_40":{"median":3.0,"max":6,"min":0,"mean":3.1336404331797834},"b+hvap_over_45":{"median":3.0,"max":5,"min":0,"mean":2.7453911273044365},"hvap_over_50":{"median":0.0,"max":0,"min":0,"mean":0.0},"b+hvap_over_25":{"median":11.0,"max":15,"min":7,"mean":10.777298611350695},"bvap_over_30":{"median":7.0,"max":10,"min":3,"mean":6.513827743086129},"hvap_over_25":{"median":0.0,"max":1,"min":0,"mean":0.26854086572956715},"b+hvap_over_40":{"median":4.0,"max":7,"min":1,"mean":3.891279054360473},"hvap_over_45":{"median":0.0,"max":0,"min":0,"mean":0.0},"bvap_over_35":{"median":4.0,"max":8,"min":1,"mean":4.235927882036059},"b+hvap_over_35":{"median":6.0,"max":9,"min":2,"mean":5.643614678192661}}