{"hvap_over_40":{"median":0.0,"max":1,"min":0,"mean":0.05545947227026386},"bvap_over_25":{"median":24.0,"max":30,"min":17,"mean":23.928852535573732},"hvap_over_35":{"median":0.0,"max":2,"min":0,"mean":0.37652331173834414},"b+hvap_over_30":{"median":25.0,"max":32,"min":18,"mean":24.951335024332487},"bvap_over_45":{"median":7.0,"max":12,"min":3,"mean":7.249588375205812},"b+hvap_over_50":{"median":7.0,"max":11,"min":2,"mean":6.904054547972726},"bvap_over_50":{"median":5.0,"max":10,"min":1,"mean":5.379166310416845},"hvap_over_30":{"median":1.0,"max":4,"min":0,"mean":1.2550073724963138},"bvap_over_40":{"median":10.0,"max":14,"min":5,"mean":9.698089150955424},"b+hvap_over_45":{"median":9.0,"max":14,"min":5,"mean":8.904569547715226},"hvap_over_50":{"median":0.0,"max":0,"min":0,"mean":0.0},"b+hvap_over_25":{"median":31.0,"max":37,"min":24,"mean":30.87885006057497},"bvap_over_30":{"median":19.0,"max":25,"min":13,"mean":19.037983481008258},"hvap_over_25":{"median":2.0,"max":6,"min":0,"mean":2.341009329495335},"b+hvap_over_40":{"median":12.0,"max":19,"min":6,"mean":11.99915250042375},"hvap_over_45":{"median":0.0,"max":0,"min":0,"mean":0.0},"bvap_over_35":{"median":13.0,"max":19,"min":8,"mean":13.123630438184781},"b+hvap_over_35":{"median":18.0,"max":25,"min":11,"mean":17.63916718041641}}