{"hvap_over_40":{"median":1.0,"max":3,"min":0,"mean":0.9884080057959971},"bvap_over_25":{"median":0.0,"max":0,"min":0,"mean":0.0},"hvap_over_35":{"median":2.0,"max":4,"min":0,"mean":1.9294795352602323},"b+hvap_over_30":{"median":4.0,"max":7,"min":1,"mean":3.763990618004691},"bvap_over_45":{"median":0.0,"max":0,"min":0,"mean":0.0},"b+hvap_over_50":{"median":1.0,"max":2,"min":0,"mean":0.6043811978094011},"bvap_over_50":{"median":0.0,"max":0,"min":0,"mean":0.0},"hvap_over_30":{"median":3.0,"max":6,"min":0,"mean":2.8812350593824703},"bvap_over_40":{"median":0.0,"max":0,"min":0,"mean":0.0},"b+hvap_over_45":{"median":1.0,"max":3,"min":0,"mean":0.9849185075407463},"hvap_over_50":{"median":0.0,"max":2,"min":0,"mean":0.22075338962330518},"b+hvap_over_25":{"median":5.0,"max":8,"min":2,"mean":4.909951045024478},"bvap_over_30":{"median":0.0,"max":0,"min":0,"mean":0.0},"hvap_over_25":{"median":4.0,"max":7,"min":2,"mean":3.95959502020249},"b+hvap_over_40":{"median":2.0,"max":4,"min":0,"mean":1.8242200878899562},"hvap_over_45":{"median":1.0,"max":2,"min":0,"mean":0.5264407367796317},"bvap_over_35":{"median":0.0,"max":0,"min":0,"mean":0.0},"b+hvap_over_35":{"median":3.0,"max":6,"min":0,"mean":2.784610607694696}}