{"hvap_over_40":{"median":6.0,"max":9,"min":3,"mean":5.585238207380896},"bvap_over_25":{"median":0.0,"max":0,"min":0,"mean":0.0},"hvap_over_35":{"median":7.0,"max":11,"min":4,"mean":7.1999164000418},"b+hvap_over_30":{"median":12.0,"max":17,"min":7,"mean":11.505905247047377},"bvap_over_45":{"median":0.0,"max":0,"min":0,"mean":0.0},"b+hvap_over_50":{"median":5.0,"max":8,"min":1,"mean":4.75852912073544},"bvap_over_50":{"median":0.0,"max":0,"min":0,"mean":0.0},"hvap_over_30":{"median":9.0,"max":14,"min":5,"mean":9.026800486599758},"bvap_over_40":{"median":0.0,"max":0,"min":0,"mean":0.0},"b+hvap_over_45":{"median":6.0,"max":9,"min":3,"mean":5.871168064415968},"hvap_over_50":{"median":3.0,"max":6,"min":0,"mean":3.2555233722383137},"b+hvap_over_25":{"median":15.0,"max":20,"min":10,"mean":14.859620570189715},"bvap_over_30":{"median":0.0,"max":0,"min":0,"mean":0.0},"hvap_over_25":{"median":12.0,"max":17,"min":7,"mean":12.001751999124},"b+hvap_over_40":{"median":7.0,"max":11,"min":4,"mean":7.24232787883606},"hvap_over_45":{"median":5.0,"max":7,"min":1,"mean":4.52201373899313},"bvap_over_35":{"median":0.0,"max":0,"min":0,"mean":0.0},"b+hvap_over_35":{"median":9.0,"max":14,"min":5,"mean":9.043017978491012}}