{"hvap_over_40":{"median":11.0,"max":16,"min":6,"mean":11.4010477994761},"bvap_over_25":{"median":0.0,"max":0,"min":0,"mean":0.0},"hvap_over_35":{"median":14.0,"max":20,"min":9,"mean":14.228659885670057},"b+hvap_over_30":{"median":23.0,"max":30,"min":17,"mean":23.45293827353086},"bvap_over_45":{"median":0.0,"max":0,"min":0,"mean":0.0},"b+hvap_over_50":{"median":9.0,"max":13,"min":5,"mean":9.264014867992566},"bvap_over_50":{"median":0.0,"max":0,"min":0,"mean":0.0},"hvap_over_30":{"median":18.0,"max":24,"min":12,"mean":18.4078137960931},"bvap_over_40":{"median":0.0,"max":0,"min":0,"mean":0.0},"b+hvap_over_45":{"median":11.0,"max":17,"min":6,"mean":11.28396135801932},"hvap_over_50":{"median":7.0,"max":12,"min":3,"mean":7.236280381859809},"b+hvap_over_25":{"median":29.0,"max":35,"min":23,"mean":28.995104002448},"bvap_over_30":{"median":0.0,"max":0,"min":0,"mean":0.0},"hvap_over_25":{"median":24.0,"max":30,"min":18,"mean":23.864819067590467},"b+hvap_over_40":{"median":14.0,"max":20,"min":9,"mean":14.294909852545073},"hvap_over_45":{"median":9.0,"max":14,"min":5,"mean":9.026820986589506},"bvap_over_35":{"median":0.0,"max":0,"min":0,"mean":0.0},"b+hvap_over_35":{"median":18.0,"max":25,"min":12,"mean":18.178381910809044}}