{"hvap_over_40":{"median":13.0,"max":19,"min":7,"mean":13.07811046094477},"bvap_over_25":{"median":0.0,"max":2,"min":0,"mean":0.4643077678461161},"hvap_over_35":{"median":18.0,"max":24,"min":12,"mean":18.344611827694084},"b+hvap_over_30":{"median":28.0,"max":33,"min":22,"mean":27.95792902103549},"bvap_over_45":{"median":0.0,"max":0,"min":0,"mean":0.0},"b+hvap_over_50":{"median":9.0,"max":15,"min":3,"mean":8.83693908153046},"bvap_over_50":{"median":0.0,"max":0,"min":0,"mean":0.0},"hvap_over_30":{"median":23.0,"max":28,"min":17,"mean":22.743282128358935},"bvap_over_40":{"median":0.0,"max":1,"min":0,"mean":2.19999890000055e-5},"b+hvap_over_45":{"median":14.0,"max":20,"min":7,"mean":13.64001267999366},"hvap_over_50":{"median":4.0,"max":9,"min":1,"mean":4.28155135922432},"b+hvap_over_25":{"median":32.0,"max":37,"min":27,"mean":32.38467330766335},"bvap_over_30":{"median":0.0,"max":1,"min":0,"mean":0.1408319295840352},"hvap_over_25":{"median":26.0,"max":31,"min":21,"mean":26.260777869611065},"b+hvap_over_40":{"median":18.0,"max":25,"min":12,"mean":18.275638862180568},"hvap_over_45":{"median":8.0,"max":14,"min":3,"mean":7.858226070886965},"bvap_over_35":{"median":0.0,"max":1,"min":0,"mean":0.013459493270253364},"b+hvap_over_35":{"median":23.0,"max":29,"min":18,"mean":23.011707494146254}}