{"hvap_over_40":{"median":17.0,"max":24,"min":10,"mean":17.171204914397542},"bvap_over_25":{"median":1.0,"max":2,"min":0,"mean":0.8423770788114606},"hvap_over_35":{"median":24.0,"max":30,"min":16,"mean":23.75966062016969},"b+hvap_over_30":{"median":37.0,"max":44,"min":30,"mean":36.61435069282465},"bvap_over_45":{"median":0.0,"max":0,"min":0,"mean":0.0},"b+hvap_over_50":{"median":13.0,"max":19,"min":7,"mean":12.745977627011186},"bvap_over_50":{"median":0.0,"max":0,"min":0,"mean":0.0},"hvap_over_30":{"median":29.0,"max":35,"min":23,"mean":29.44909627545186},"bvap_over_40":{"median":0.0,"max":1,"min":0,"mean":0.008468995765502117},"b+hvap_over_45":{"median":18.0,"max":25,"min":11,"mean":18.183525908237044},"hvap_over_50":{"median":7.0,"max":12,"min":2,"mean":6.614269692865154},"b+hvap_over_25":{"median":42.0,"max":48,"min":36,"mean":42.12003043998478},"bvap_over_30":{"median":0.0,"max":2,"min":0,"mean":0.3806828096585952},"hvap_over_25":{"median":34.0,"max":41,"min":28,"mean":34.45277427361286},"b+hvap_over_40":{"median":24.0,"max":31,"min":17,"mean":24.107683946158026},"hvap_over_45":{"median":12.0,"max":18,"min":5,"mean":11.588176705911646},"bvap_over_35":{"median":0.0,"max":1,"min":0,"mean":0.11332194333902833},"b+hvap_over_35":{"median":30.0,"max":37,"min":23,"mean":30.06831896584052}}