{"hvap_over_40":{"median":26.0,"max":33,"min":18,"mean":26.29172670827329},"bvap_over_25":{"median":2.0,"max":4,"min":0,"mean":1.5506734493265506},"hvap_over_35":{"median":35.0,"max":43,"min":27,"mean":34.81047218952781},"b+hvap_over_30":{"median":54.0,"max":61,"min":45,"mean":53.75152924847075},"bvap_over_45":{"median":0.0,"max":1,"min":0,"mean":0.025507974492025506},"b+hvap_over_50":{"median":21.0,"max":28,"min":13,"mean":20.741723258276743},"bvap_over_50":{"median":0.0,"max":0,"min":0,"mean":0.0},"hvap_over_30":{"median":43.0,"max":51,"min":36,"mean":42.9043340956659},"bvap_over_40":{"median":0.0,"max":1,"min":0,"mean":0.16812883187116812},"b+hvap_over_45":{"median":28.0,"max":36,"min":20,"mean":27.804302195697804},"hvap_over_50":{"median":13.0,"max":19,"min":5,"mean":12.54160745839254},"b+hvap_over_25":{"median":62.0,"max":69,"min":54,"mean":61.723107276892726},"bvap_over_30":{"median":1.0,"max":3,"min":0,"mean":0.9576750423249577},"hvap_over_25":{"median":51.0,"max":59,"min":43,"mean":51.006605993394004},"b+hvap_over_40":{"median":36.0,"max":43,"min":27,"mean":35.73254726745273},"hvap_over_45":{"median":19.0,"max":27,"min":11,"mean":18.964778035221965},"bvap_over_35":{"median":0.0,"max":2,"min":0,"mean":0.4875655124344876},"b+hvap_over_35":{"median":44.0,"max":53,"min":37,"mean":44.49240750759249}}