{"hvap_over_40":{"median":0.0,"max":0,"min":0,"mean":0.0},"bvap_over_25":{"median":11.0,"max":16,"min":6,"mean":10.671213664393168},"hvap_over_35":{"median":0.0,"max":0,"min":0,"mean":0.0},"b+hvap_over_30":{"median":13.0,"max":19,"min":8,"mean":12.949419525290237},"bvap_over_45":{"median":2.0,"max":5,"min":0,"mean":2.143318928340536},"b+hvap_over_50":{"median":3.0,"max":6,"min":1,"mean":3.104208447895776},"bvap_over_50":{"median":2.0,"max":4,"min":0,"mean":1.6412401793799103},"hvap_over_30":{"median":0.0,"max":0,"min":0,"mean":0.0},"bvap_over_40":{"median":3.0,"max":7,"min":1,"mean":3.1808494095752953},"b+hvap_over_45":{"median":5.0,"max":9,"min":1,"mean":4.597601201199399},"hvap_over_50":{"median":0.0,"max":0,"min":0,"mean":0.0},"b+hvap_over_25":{"median":19.0,"max":26,"min":13,"mean":19.24682987658506},"bvap_over_30":{"median":7.0,"max":12,"min":3,"mean":7.467279266360367},"hvap_over_25":{"median":0.0,"max":1,"min":0,"mean":0.09116395441802279},"b+hvap_over_40":{"median":7.0,"max":11,"min":3,"mean":6.872021063989468},"hvap_over_45":{"median":0.0,"max":0,"min":0,"mean":0.0},"bvap_over_35":{"median":5.0,"max":9,"min":1,"mean":5.058042470978765},"b+hvap_over_35":{"median":10.0,"max":14,"min":5,"mean":9.563846718076642}}