{"hvap_over_40":{"median":0.0,"max":0,"min":0,"mean":0.0},"bvap_over_25":{"median":6.0,"max":10,"min":2,"mean":5.814727185272814},"hvap_over_35":{"median":0.0,"max":0,"min":0,"mean":0.0},"b+hvap_over_30":{"median":7.0,"max":11,"min":3,"mean":6.804464195535805},"bvap_over_45":{"median":1.0,"max":2,"min":0,"mean":0.9012790987209013},"b+hvap_over_50":{"median":1.0,"max":4,"min":0,"mean":1.3159206840793158},"bvap_over_50":{"median":1.0,"max":2,"min":0,"mean":0.6362183637816362},"hvap_over_30":{"median":0.0,"max":0,"min":0,"mean":0.0},"bvap_over_40":{"median":1.0,"max":3,"min":0,"mean":1.217118782881217},"b+hvap_over_45":{"median":2.0,"max":5,"min":0,"mean":1.9477310522689477},"hvap_over_50":{"median":0.0,"max":0,"min":0,"mean":0.0},"b+hvap_over_25":{"median":10.0,"max":15,"min":6,"mean":9.943294056705943},"bvap_over_30":{"median":4.0,"max":7,"min":1,"mean":3.5404524595475406},"hvap_over_25":{"median":0.0,"max":0,"min":0,"mean":0.0},"b+hvap_over_40":{"median":3.0,"max":6,"min":1,"mean":3.0444809555190444},"hvap_over_45":{"median":0.0,"max":0,"min":0,"mean":0.0},"bvap_over_35":{"median":2.0,"max":5,"min":0,"mean":1.9207490792509208},"b+hvap_over_35":{"median":5.0,"max":8,"min":1,"mean":4.564027435972564}}