{"hvap_over_40":{"median":0.0,"max":0,"min":0,"mean":0.0},"bvap_over_25":{"median":11.0,"max":16,"min":6,"mean":10.65865034134966},"hvap_over_35":{"median":0.0,"max":0,"min":0,"mean":0.0},"b+hvap_over_30":{"median":13.0,"max":19,"min":8,"mean":12.86943513056487},"bvap_over_45":{"median":2.0,"max":5,"min":0,"mean":2.15023584976415},"b+hvap_over_50":{"median":3.0,"max":6,"min":1,"mean":3.105028894971105},"bvap_over_50":{"median":2.0,"max":4,"min":0,"mean":1.647924352075648},"hvap_over_30":{"median":0.0,"max":0,"min":0,"mean":0.0},"bvap_over_40":{"median":3.0,"max":7,"min":1,"mean":3.187803812196188},"b+hvap_over_45":{"median":5.0,"max":9,"min":1,"mean":4.594392405607595},"hvap_over_50":{"median":0.0,"max":0,"min":0,"mean":0.0},"b+hvap_over_25":{"median":19.0,"max":26,"min":13,"mean":19.235126764873236},"bvap_over_30":{"median":7.0,"max":11,"min":3,"mean":7.443722556277444},"hvap_over_25":{"median":0.0,"max":1,"min":0,"mean":0.09096990903009097},"b+hvap_over_40":{"median":7.0,"max":11,"min":3,"mean":6.88030111969888},"hvap_over_45":{"median":0.0,"max":0,"min":0,"mean":0.0},"bvap_over_35":{"median":5.0,"max":8,"min":1,"mean":5.02031797968202},"b+hvap_over_35":{"median":10.0,"max":14,"min":5,"mean":9.624441375558625}}