{"hvap_over_40":{"median":0.0,"max":0,"min":0,"mean":0.0},"bvap_over_25":{"median":6.0,"max":10,"min":2,"mean":5.76059311970344},"hvap_over_35":{"median":0.0,"max":0,"min":0,"mean":0.0},"b+hvap_over_30":{"median":7.0,"max":12,"min":3,"mean":6.7734401132799436},"bvap_over_45":{"median":1.0,"max":2,"min":0,"mean":0.9021830489084756},"b+hvap_over_50":{"median":1.0,"max":4,"min":0,"mean":1.3093683453158274},"bvap_over_50":{"median":1.0,"max":2,"min":0,"mean":0.6438521780739109},"hvap_over_30":{"median":0.0,"max":0,"min":0,"mean":0.0},"bvap_over_40":{"median":1.0,"max":3,"min":0,"mean":1.2103058948470526},"b+hvap_over_45":{"median":2.0,"max":5,"min":0,"mean":1.9341125329437334},"hvap_over_50":{"median":0.0,"max":0,"min":0,"mean":0.0},"b+hvap_over_25":{"median":10.0,"max":15,"min":5,"mean":9.877130061434968},"bvap_over_30":{"median":4.0,"max":7,"min":1,"mean":3.5392937303531347},"hvap_over_25":{"median":0.0,"max":0,"min":0,"mean":0.0},"b+hvap_over_40":{"median":3.0,"max":7,"min":0,"mean":3.0293814853092575},"hvap_over_45":{"median":0.0,"max":0,"min":0,"mean":0.0},"bvap_over_35":{"median":2.0,"max":6,"min":0,"mean":1.9167625416187293},"b+hvap_over_35":{"median":5.0,"max":8,"min":1,"mean":4.56043121978439}}