{"hvap_over_40":{"median":4.0,"max":6,"min":2,"mean":3.588057705971147},"bvap_over_25":{"median":3.0,"max":5,"min":0,"mean":2.4814012592993704},"hvap_over_35":{"median":4.0,"max":7,"min":2,"mean":4.0432759783620105},"b+hvap_over_30":{"median":12.0,"max":17,"min":8,"mean":12.247041876479061},"bvap_over_45":{"median":0.0,"max":1,"min":0,"mean":0.004334497832751084},"b+hvap_over_50":{"median":5.0,"max":7,"min":3,"mean":4.725132137433931},"bvap_over_50":{"median":0.0,"max":0,"min":0,"mean":0.0},"hvap_over_30":{"median":5.0,"max":7,"min":3,"mean":4.8017055991472},"bvap_over_40":{"median":0.0,"max":1,"min":0,"mean":0.07572446213776893},"b+hvap_over_45":{"median":6.0,"max":9,"min":3,"mean":5.790003604998198},"hvap_over_50":{"median":3.0,"max":5,"min":1,"mean":2.8856810571594713},"b+hvap_over_25":{"median":17.0,"max":21,"min":12,"mean":16.5972632013684},"bvap_over_30":{"median":1.0,"max":4,"min":0,"mean":1.0578584710707644},"hvap_over_25":{"median":6.0,"max":10,"min":4,"mean":6.063858468070766},"b+hvap_over_40":{"median":7.0,"max":11,"min":4,"mean":7.226351886824056},"hvap_over_45":{"median":3.0,"max":5,"min":2,"mean":3.2425318787340607},"bvap_over_35":{"median":0.0,"max":2,"min":0,"mean":0.3191233404383298},"b+hvap_over_35":{"median":9.0,"max":14,"min":5,"mean":9.345257827371086}}