{"hvap_over_40":{"median":5.0,"max":8,"min":3,"mean":5.215824892087554},"bvap_over_25":{"median":5.0,"max":9,"min":1,"mean":4.917371041314479},"hvap_over_35":{"median":6.0,"max":9,"min":4,"mean":6.017019991490004},"b+hvap_over_30":{"median":19.0,"max":25,"min":14,"mean":18.662215668892166},"bvap_over_45":{"median":0.0,"max":2,"min":0,"mean":0.12575993712003145},"b+hvap_over_50":{"median":7.0,"max":11,"min":5,"mean":7.306560346719826},"bvap_over_50":{"median":0.0,"max":1,"min":0,"mean":0.024106987946506026},"hvap_over_30":{"median":7.0,"max":11,"min":5,"mean":7.32056633971683},"bvap_over_40":{"median":0.0,"max":2,"min":0,"mean":0.3904638047680976},"b+hvap_over_45":{"median":9.0,"max":13,"min":6,"mean":9.155231922384038},"hvap_over_50":{"median":4.0,"max":6,"min":2,"mean":4.288672855663572},"b+hvap_over_25":{"median":23.0,"max":29,"min":18,"mean":23.16206191896904},"bvap_over_30":{"median":2.0,"max":6,"min":0,"mean":2.4209852895073554},"hvap_over_25":{"median":10.0,"max":14,"min":6,"mean":9.730298134850933},"b+hvap_over_40":{"median":12.0,"max":16,"min":7,"mean":11.649685675157162},"hvap_over_45":{"median":5.0,"max":7,"min":3,"mean":4.699270650364674},"bvap_over_35":{"median":1.0,"max":4,"min":0,"mean":1.1539194230402885},"b+hvap_over_35":{"median":15.0,"max":19,"min":9,"mean":14.508996745501626}}