{"hvap_over_40":{"median":16.0,"max":21,"min":13,"mean":16.307874692125306},"bvap_over_25":{"median":16.0,"max":24,"min":10,"mean":16.32986367013633},"hvap_over_35":{"median":20.0,"max":26,"min":15,"mean":20.16917083082917},"b+hvap_over_30":{"median":54.0,"max":63,"min":44,"mean":53.94332205667794},"bvap_over_45":{"median":4.0,"max":7,"min":0,"mean":3.4905015094984906},"b+hvap_over_50":{"median":26.0,"max":33,"min":19,"mean":26.0998059001941},"bvap_over_50":{"median":2.0,"max":6,"min":0,"mean":2.34021165978834},"hvap_over_30":{"median":25.0,"max":31,"min":19,"mean":25.237984762015238},"bvap_over_40":{"median":5.0,"max":10,"min":1,"mean":4.994060005939994},"b+hvap_over_45":{"median":31.0,"max":40,"min":25,"mean":31.28867771132229},"hvap_over_50":{"median":12.0,"max":15,"min":9,"mean":12.305121694878306},"b+hvap_over_25":{"median":69.0,"max":78,"min":58,"mean":68.56002143997856},"bvap_over_30":{"median":11.0,"max":16,"min":5,"mean":10.973607026392974},"hvap_over_25":{"median":30.0,"max":36,"min":24,"mean":30.325742674257327},"b+hvap_over_40":{"median":37.0,"max":45,"min":30,"mean":37.463366536633465},"hvap_over_45":{"median":14.0,"max":17,"min":10,"mean":13.802869197130804},"ood":{"median":18.0,"max":26,"min":12,"mean":18.32216067783932},"bvap_over_35":{"median":7.0,"max":13,"min":3,"mean":7.345148654851345},"b+hvap_over_35":{"median":45.0,"max":52,"min":37,"mean":44.60583339416661}}