{"hvap_over_40":{"median":1.0,"max":5,"min":0,"mean":1.4179837910081046},"bvap_over_25":{"median":86.0,"max":96,"min":75,"mean":85.61444769277615},"hvap_over_35":{"median":3.0,"max":6,"min":0,"mean":2.7971706014146993},"b+hvap_over_30":{"median":98.0,"max":110,"min":87,"mean":98.05504847247576},"bvap_over_45":{"median":35.0,"max":43,"min":27,"mean":34.65875217062391},"b+hvap_over_50":{"median":40.0,"max":50,"min":32,"mean":40.12798193600903},"bvap_over_50":{"median":28.0,"max":36,"min":21,"mean":27.860776569611716},"hvap_over_30":{"median":5.0,"max":8,"min":1,"mean":4.843004078497961},"bvap_over_40":{"median":43.0,"max":52,"min":33,"mean":43.04430797784601},"b+hvap_over_45":{"median":50.0,"max":61,"min":39,"mean":50.33485583257208},"hvap_over_50":{"median":0.0,"max":2,"min":0,"mean":0.1508814245592877},"b+hvap_over_25":{"median":118.0,"max":129,"min":106,"mean":117.60848169575915},"bvap_over_30":{"median":68.0,"max":79,"min":59,"mean":68.10672044663977},"hvap_over_25":{"median":7.0,"max":11,"min":3,"mean":7.312217843891078},"b+hvap_over_40":{"median":63.0,"max":74,"min":52,"mean":62.56951121524439},"hvap_over_45":{"median":1.0,"max":3,"min":0,"mean":0.6176471911764044},"bvap_over_35":{"median":54.0,"max":64,"min":45,"mean":53.75609512195244},"b+hvap_over_35":{"median":80.0,"max":91,"min":67,"mean":79.55304472347764}}