{"hvap_over_40":{"median":0.0,"max":1,"min":0,"mean":0.022938488530755734},"bvap_over_25":{"median":29.0,"max":36,"min":22,"mean":29.253283373358315},"hvap_over_35":{"median":0.0,"max":2,"min":0,"mean":0.21111239444380278},"b+hvap_over_30":{"median":33.0,"max":39,"min":26,"mean":32.92294153852923},"bvap_over_45":{"median":10.0,"max":15,"min":5,"mean":9.724649637675181},"b+hvap_over_50":{"median":11.0,"max":16,"min":5,"mean":10.668552165723916},"bvap_over_50":{"median":7.0,"max":12,"min":3,"mean":7.271366864316568},"hvap_over_30":{"median":1.0,"max":2,"min":0,"mean":0.5900357049821475},"bvap_over_40":{"median":13.0,"max":18,"min":7,"mean":12.767549116225442},"b+hvap_over_45":{"median":14.0,"max":21,"min":8,"mean":14.4049547975226},"hvap_over_50":{"median":0.0,"max":0,"min":0,"mean":0.0},"b+hvap_over_25":{"median":40.0,"max":45,"min":33,"mean":39.81969809015096},"bvap_over_30":{"median":23.0,"max":29,"min":16,"mean":22.68906615546692},"hvap_over_25":{"median":1.0,"max":3,"min":0,"mean":1.1013164493417753},"b+hvap_over_40":{"median":19.0,"max":26,"min":12,"mean":19.169122415438792},"hvap_over_45":{"median":0.0,"max":1,"min":0,"mean":0.00014099992950003526},"bvap_over_35":{"median":17.0,"max":23,"min":11,"mean":16.907606546196728},"b+hvap_over_35":{"median":26.0,"max":34,"min":20,"mean":26.09190645404677}}