{"hvap_over_40":{"median":0.0,"max":0,"min":0,"mean":0.0},"bvap_over_25":{"median":9.0,"max":11,"min":5,"mean":8.766934616532692},"hvap_over_35":{"median":0.0,"max":0,"min":0,"mean":0.0},"b+hvap_over_30":{"median":10.0,"max":12,"min":6,"mean":9.84496257751871},"bvap_over_45":{"median":2.0,"max":4,"min":0,"mean":1.8985660507169746},"b+hvap_over_50":{"median":2.0,"max":4,"min":0,"mean":2.224253387873306},"bvap_over_50":{"median":1.0,"max":3,"min":0,"mean":1.4233757883121059},"hvap_over_30":{"median":0.0,"max":0,"min":0,"mean":0.0},"bvap_over_40":{"median":3.0,"max":6,"min":0,"mean":2.620304189847905},"b+hvap_over_45":{"median":3.0,"max":6,"min":1,"mean":2.9292330353834823},"hvap_over_50":{"median":0.0,"max":0,"min":0,"mean":0.0},"b+hvap_over_25":{"median":11.0,"max":13,"min":8,"mean":10.84003107998446},"bvap_over_30":{"median":7.0,"max":10,"min":3,"mean":6.724772637613682},"hvap_over_25":{"median":0.0,"max":1,"min":0,"mean":1.9499990250004873e-5},"b+hvap_over_40":{"median":5.0,"max":8,"min":2,"mean":4.569667215166392},"hvap_over_45":{"median":0.0,"max":0,"min":0,"mean":0.0},"bvap_over_35":{"median":4.0,"max":8,"min":1,"mean":4.484816257591871},"b+hvap_over_35":{"median":7.0,"max":11,"min":3,"mean":7.3623783188108405}}