{"hvap_over_40":{"median":8.0,"max":14,"min":4,"mean":8.253798373100814},"bvap_over_25":{"median":17.0,"max":23,"min":12,"mean":17.430711784644107},"hvap_over_35":{"median":11.0,"max":16,"min":4,"mean":10.664961667519167},"b+hvap_over_30":{"median":35.0,"max":43,"min":28,"mean":35.266915866542064},"bvap_over_45":{"median":10.0,"max":15,"min":6,"mean":10.382063808968095},"b+hvap_over_50":{"median":21.0,"max":26,"min":16,"mean":20.862114568942715},"bvap_over_50":{"median":9.0,"max":13,"min":4,"mean":8.992489003755498},"hvap_over_30":{"median":14.0,"max":19,"min":8,"mean":13.823887088056455},"bvap_over_40":{"median":12.0,"max":17,"min":8,"mean":12.04382397808801},"b+hvap_over_45":{"median":23.0,"max":29,"min":18,"mean":23.43569578215211},"hvap_over_50":{"median":5.0,"max":9,"min":1,"mean":5.103957448021276},"b+hvap_over_25":{"median":42.0,"max":50,"min":34,"mean":41.5838262080869},"bvap_over_30":{"median":15.0,"max":20,"min":11,"mean":15.448634275682862},"hvap_over_25":{"median":18.0,"max":24,"min":12,"mean":17.87610456194772},"b+hvap_over_40":{"median":26.0,"max":32,"min":21,"mean":26.470134264932867},"hvap_over_45":{"median":6.0,"max":11,"min":3,"mean":6.485882257058871},"bvap_over_35":{"median":14.0,"max":19,"min":9,"mean":13.72203313898343},"b+hvap_over_35":{"median":30.0,"max":37,"min":23,"mean":30.47957776021112}}