{"hvap_over_40":{"median":3.0,"max":7,"min":0,"mean":3.429193285403357},"bvap_over_25":{"median":9.0,"max":13,"min":5,"mean":9.090686454656772},"hvap_over_35":{"median":4.0,"max":8,"min":2,"mean":4.464587767706116},"b+hvap_over_30":{"median":18.0,"max":24,"min":12,"mean":17.64792817603591},"bvap_over_45":{"median":5.0,"max":8,"min":2,"mean":4.572386713806643},"b+hvap_over_50":{"median":10.0,"max":14,"min":6,"mean":9.513473743263129},"bvap_over_50":{"median":4.0,"max":7,"min":1,"mean":3.821218089390955},"hvap_over_30":{"median":6.0,"max":11,"min":2,"mean":6.088272455863772},"bvap_over_40":{"median":5.0,"max":9,"min":2,"mean":5.387535306232347},"b+hvap_over_45":{"median":11.0,"max":16,"min":7,"mean":10.790464104767947},"hvap_over_50":{"median":2.0,"max":5,"min":0,"mean":1.8606050696974652},"b+hvap_over_25":{"median":22.0,"max":27,"min":15,"mean":21.5919642040179},"bvap_over_30":{"median":7.0,"max":12,"min":4,"mean":7.463261768369116},"hvap_over_25":{"median":9.0,"max":14,"min":4,"mean":8.822355588822205},"b+hvap_over_40":{"median":12.0,"max":18,"min":8,"mean":12.472794263602868},"hvap_over_45":{"median":3.0,"max":5,"min":0,"mean":2.6011326994336503},"bvap_over_35":{"median":6.0,"max":10,"min":3,"mean":6.289989855005072},"b+hvap_over_35":{"median":14.0,"max":19,"min":10,"mean":14.384706307646846}}