{"hvap_over_40":{"median":0.0,"max":2,"min":0,"mean":0.45304127347936324},"bvap_over_25":{"median":3.0,"max":6,"min":1,"mean":2.7821366089316957},"hvap_over_35":{"median":1.0,"max":3,"min":0,"mean":0.944011527994236},"b+hvap_over_30":{"median":5.0,"max":8,"min":3,"mean":5.362194318902841},"bvap_over_45":{"median":1.0,"max":3,"min":0,"mean":1.0331034834482582},"b+hvap_over_50":{"median":3.0,"max":5,"min":1,"mean":2.6938606530696734},"bvap_over_50":{"median":1.0,"max":2,"min":0,"mean":0.8311205844397078},"hvap_over_30":{"median":2.0,"max":3,"min":0,"mean":1.6684461657769172},"bvap_over_40":{"median":1.0,"max":3,"min":0,"mean":1.2656553671723163},"b+hvap_over_45":{"median":3.0,"max":6,"min":1,"mean":3.216099391950304},"hvap_over_50":{"median":0.0,"max":1,"min":0,"mean":0.03667648166175917},"b+hvap_over_25":{"median":7.0,"max":10,"min":3,"mean":6.544357227821386},"bvap_over_30":{"median":2.0,"max":5,"min":1,"mean":2.0327809836095083},"hvap_over_25":{"median":2.0,"max":5,"min":0,"mean":2.4303547848226077},"b+hvap_over_40":{"median":4.0,"max":7,"min":2,"mean":3.8221330889334557},"hvap_over_45":{"median":0.0,"max":2,"min":0,"mean":0.17948941025529488},"bvap_over_35":{"median":2.0,"max":4,"min":0,"mean":1.5578682210658894},"b+hvap_over_35":{"median":5.0,"max":7,"min":2,"mean":4.538068730965635}}