{"hvap_over_40":{"median":0.0,"max":0,"min":0,"mean":0.0},"bvap_over_25":{"median":24.0,"max":30,"min":16,"mean":23.6079011960494},"hvap_over_35":{"median":0.0,"max":0,"min":0,"mean":0.0},"b+hvap_over_30":{"median":22.0,"max":29,"min":15,"mean":22.28376235811882},"bvap_over_45":{"median":5.0,"max":10,"min":1,"mean":4.63835318082341},"b+hvap_over_50":{"median":5.0,"max":9,"min":1,"mean":4.620001189999405},"bvap_over_50":{"median":3.0,"max":7,"min":0,"mean":3.3588608205695896},"hvap_over_30":{"median":0.0,"max":0,"min":0,"mean":0.0},"bvap_over_40":{"median":7.0,"max":12,"min":2,"mean":6.842569078715461},"b+hvap_over_45":{"median":7.0,"max":12,"min":2,"mean":6.642725178637411},"hvap_over_50":{"median":0.0,"max":0,"min":0,"mean":0.0},"b+hvap_over_25":{"median":28.0,"max":34,"min":22,"mean":28.415985292007353},"bvap_over_30":{"median":18.0,"max":25,"min":11,"mean":17.526950736524633},"hvap_over_25":{"median":0.0,"max":0,"min":0,"mean":0.0},"b+hvap_over_40":{"median":10.0,"max":16,"min":5,"mean":9.810852094573953},"hvap_over_45":{"median":0.0,"max":0,"min":0,"mean":0.0},"bvap_over_35":{"median":11.0,"max":18,"min":5,"mean":11.36062081968959},"b+hvap_over_35":{"median":15.0,"max":22,"min":8,"mean":15.470784264607868}}