{"hvap_over_40":{"median":0.0,"max":0,"min":0,"mean":0.0},"bvap_over_25":{"median":57.0,"max":67,"min":47,"mean":57.03611848194076},"hvap_over_35":{"median":0.0,"max":0,"min":0,"mean":0.0},"b+hvap_over_30":{"median":55.0,"max":66,"min":45,"mean":55.100749949625026},"bvap_over_45":{"median":18.0,"max":26,"min":10,"mean":17.741864129067935},"b+hvap_over_50":{"median":17.0,"max":26,"min":8,"mean":16.57176321411839},"bvap_over_50":{"median":13.0,"max":20,"min":6,"mean":12.657002171498915},"hvap_over_30":{"median":0.0,"max":0,"min":0,"mean":0.0},"bvap_over_40":{"median":26.0,"max":37,"min":16,"mean":25.511789744105126},"b+hvap_over_45":{"median":23.0,"max":33,"min":14,"mean":23.466037766981117},"hvap_over_50":{"median":0.0,"max":0,"min":0,"mean":0.0},"b+hvap_over_25":{"median":67.0,"max":77,"min":57,"mean":67.26498736750632},"bvap_over_30":{"median":46.0,"max":56,"min":36,"mean":45.980799509600246},"hvap_over_25":{"median":0.0,"max":1,"min":0,"mean":0.02992048503975748},"b+hvap_over_40":{"median":33.0,"max":42,"min":23,"mean":32.656391171804415},"hvap_over_45":{"median":0.0,"max":0,"min":0,"mean":0.0},"bvap_over_35":{"median":35.0,"max":45,"min":25,"mean":34.77221211389394},"b+hvap_over_35":{"median":43.0,"max":53,"min":32,"mean":42.85754507122746}}