{"hvap_over_40":{"median":0.0,"max":0,"min":0,"mean":0.0},"bvap_over_25":{"median":5.0,"max":6,"min":3,"mean":4.6434641782679105},"hvap_over_35":{"median":0.0,"max":0,"min":0,"mean":0.0},"b+hvap_over_30":{"median":4.0,"max":6,"min":2,"mean":4.332540833729583},"bvap_over_45":{"median":0.0,"max":1,"min":0,"mean":9.699995150002425e-5},"b+hvap_over_50":{"median":0.0,"max":1,"min":0,"mean":0.00014049992975003514},"bvap_over_50":{"median":0.0,"max":1,"min":0,"mean":2.99999850000075e-6},"hvap_over_30":{"median":0.0,"max":0,"min":0,"mean":0.0},"bvap_over_40":{"median":0.0,"max":2,"min":0,"mean":0.05026397486801257},"b+hvap_over_45":{"median":0.0,"max":2,"min":0,"mean":0.16182491908754046},"hvap_over_50":{"median":0.0,"max":0,"min":0,"mean":0.0},"b+hvap_over_25":{"median":6.0,"max":6,"min":3,"mean":5.71920014039993},"bvap_over_30":{"median":3.0,"max":5,"min":1,"mean":3.1471094264452866},"hvap_over_25":{"median":0.0,"max":0,"min":0,"mean":0.0},"b+hvap_over_40":{"median":1.0,"max":3,"min":0,"mean":0.6346971826514086},"hvap_over_45":{"median":0.0,"max":0,"min":0,"mean":0.0},"bvap_over_35":{"median":1.0,"max":4,"min":0,"mean":1.0796809601595199},"b+hvap_over_35":{"median":3.0,"max":5,"min":0,"mean":2.8454015772992114}}