{"hvap_over_40":{"median":0.0,"max":0,"min":0,"mean":0.0},"bvap_over_25":{"median":4.0,"max":7,"min":2,"mean":3.8982730508634744},"hvap_over_35":{"median":0.0,"max":0,"min":0,"mean":0.0},"b+hvap_over_30":{"median":4.0,"max":7,"min":2,"mean":4.421525789237106},"bvap_over_45":{"median":2.0,"max":3,"min":0,"mean":1.4924732537633731},"b+hvap_over_50":{"median":2.0,"max":4,"min":0,"mean":1.7778131110934445},"bvap_over_50":{"median":1.0,"max":2,"min":0,"mean":1.083533458233271},"hvap_over_30":{"median":0.0,"max":0,"min":0,"mean":0.0},"bvap_over_40":{"median":2.0,"max":4,"min":0,"mean":1.9815980092009955},"b+hvap_over_45":{"median":2.0,"max":5,"min":0,"mean":2.3015748492125754},"hvap_over_50":{"median":0.0,"max":0,"min":0,"mean":0.0},"b+hvap_over_25":{"median":5.0,"max":8,"min":3,"mean":5.409237295381352},"bvap_over_30":{"median":3.0,"max":6,"min":1,"mean":3.205611397194301},"hvap_over_25":{"median":0.0,"max":1,"min":0,"mean":9.9999950000025e-7},"b+hvap_over_40":{"median":3.0,"max":5,"min":1,"mean":2.8497565751217127},"hvap_over_45":{"median":0.0,"max":0,"min":0,"mean":0.0},"bvap_over_35":{"median":3.0,"max":5,"min":0,"mean":2.56052921973539},"b+hvap_over_35":{"median":4.0,"max":7,"min":1,"mean":3.549153725423137}}