{"hvap_over_40":{"median":0.0,"max":1,"min":0,"mean":0.06792146603926698},"bvap_over_25":{"median":19.0,"max":24,"min":14,"mean":18.620719689640154},"hvap_over_35":{"median":0.0,"max":2,"min":0,"mean":0.42301528849235576},"b+hvap_over_30":{"median":22.0,"max":28,"min":16,"mean":21.657672171163913},"bvap_over_45":{"median":10.0,"max":14,"min":6,"mean":9.95623402188299},"b+hvap_over_50":{"median":12.0,"max":17,"min":8,"mean":12.225080887459557},"bvap_over_50":{"median":9.0,"max":13,"min":4,"mean":8.572978713510643},"hvap_over_30":{"median":1.0,"max":3,"min":0,"mean":0.9804745097627451},"bvap_over_40":{"median":12.0,"max":16,"min":7,"mean":11.752913123543438},"b+hvap_over_45":{"median":14.0,"max":20,"min":10,"mean":14.424248787875607},"hvap_over_50":{"median":0.0,"max":0,"min":0,"mean":0.0},"b+hvap_over_25":{"median":26.0,"max":32,"min":20,"mean":25.541796229101884},"bvap_over_30":{"median":16.0,"max":21,"min":12,"mean":16.105540947229528},"hvap_over_25":{"median":2.0,"max":5,"min":0,"mean":2.0020319989840005},"b+hvap_over_40":{"median":17.0,"max":22,"min":12,"mean":16.698673650663174},"hvap_over_45":{"median":0.0,"max":1,"min":0,"mean":0.00017299991350004326},"bvap_over_35":{"median":14.0,"max":18,"min":9,"mean":13.774355112822443},"b+hvap_over_35":{"median":19.0,"max":24,"min":14,"mean":19.021923489038254}}