{"hvap_over_40":{"median":0.0,"max":0,"min":0,"mean":0.0},"bvap_over_25":{"median":76.0,"max":86,"min":67,"mean":76.37186381406809},"hvap_over_35":{"median":0.0,"max":0,"min":0,"mean":0.0},"b+hvap_over_30":{"median":72.0,"max":81,"min":62,"mean":71.87446706276647},"bvap_over_45":{"median":34.0,"max":42,"min":25,"mean":33.88428105785947},"b+hvap_over_50":{"median":29.0,"max":37,"min":22,"mean":29.46989976505012},"bvap_over_50":{"median":26.0,"max":35,"min":19,"mean":26.44708377645811},"hvap_over_30":{"median":0.0,"max":0,"min":0,"mean":0.0},"bvap_over_40":{"median":43.0,"max":52,"min":33,"mean":43.17024541487729},"b+hvap_over_45":{"median":38.0,"max":47,"min":30,"mean":37.88179955910022},"hvap_over_50":{"median":0.0,"max":0,"min":0,"mean":0.0},"b+hvap_over_25":{"median":83.0,"max":92,"min":74,"mean":83.38085530957234},"bvap_over_30":{"median":66.0,"max":75,"min":56,"mean":65.8245435877282},"hvap_over_25":{"median":0.0,"max":0,"min":0,"mean":0.0},"b+hvap_over_40":{"median":48.0,"max":58,"min":39,"mean":48.068439465780266},"hvap_over_45":{"median":0.0,"max":0,"min":0,"mean":0.0},"bvap_over_35":{"median":54.0,"max":64,"min":43,"mean":54.24439787780106},"b+hvap_over_35":{"median":60.0,"max":70,"min":50,"mean":60.07802196098902}}