{"hvap_over_40":{"median":0.0,"max":0,"min":0,"mean":0.0},"bvap_over_25":{"median":35.0,"max":40,"min":28,"mean":34.72002663998668},"hvap_over_35":{"median":0.0,"max":0,"min":0,"mean":0.0},"b+hvap_over_30":{"median":33.0,"max":40,"min":27,"mean":32.76784861607569},"bvap_over_45":{"median":13.0,"max":18,"min":8,"mean":13.07529896235052},"b+hvap_over_50":{"median":11.0,"max":16,"min":7,"mean":10.767806616096692},"bvap_over_50":{"median":10.0,"max":15,"min":5,"mean":9.793258603370699},"hvap_over_30":{"median":0.0,"max":0,"min":0,"mean":0.0},"bvap_over_40":{"median":17.0,"max":23,"min":11,"mean":17.213624393187803},"b+hvap_over_45":{"median":14.0,"max":20,"min":9,"mean":14.390708804645598},"hvap_over_50":{"median":0.0,"max":0,"min":0,"mean":0.0},"b+hvap_over_25":{"median":38.0,"max":44,"min":32,"mean":38.15433242283379},"bvap_over_30":{"median":29.0,"max":36,"min":23,"mean":29.293380853309575},"hvap_over_25":{"median":0.0,"max":0,"min":0,"mean":0.0},"b+hvap_over_40":{"median":20.0,"max":27,"min":13,"mean":19.658490670754663},"hvap_over_45":{"median":0.0,"max":0,"min":0,"mean":0.0},"bvap_over_35":{"median":23.0,"max":30,"min":16,"mean":22.863280568359716},"b+hvap_over_35":{"median":26.0,"max":33,"min":19,"mean":26.348928325535837}}