{"hvap_over_40":{"median":0.0,"max":0,"min":0,"mean":0.0},"bvap_over_25":{"median":3.0,"max":4,"min":2,"mean":2.991969004015498},"hvap_over_35":{"median":0.0,"max":0,"min":0,"mean":0.0},"b+hvap_over_30":{"median":3.0,"max":4,"min":2,"mean":2.563284718357641},"bvap_over_45":{"median":1.0,"max":2,"min":0,"mean":0.8754875622562188},"b+hvap_over_50":{"median":0.0,"max":1,"min":0,"mean":0.36577531711234146},"bvap_over_50":{"median":0.0,"max":1,"min":0,"mean":0.231949384025308},"hvap_over_30":{"median":0.0,"max":0,"min":0,"mean":0.0},"bvap_over_40":{"median":2.0,"max":2,"min":0,"mean":1.5886797056601472},"b+hvap_over_45":{"median":1.0,"max":2,"min":0,"mean":1.3191058404470797},"hvap_over_50":{"median":0.0,"max":0,"min":0,"mean":0.0},"b+hvap_over_25":{"median":3.0,"max":4,"min":3,"mean":3.386398806800597},"bvap_over_30":{"median":2.0,"max":4,"min":1,"mean":2.2350203824898087},"hvap_over_25":{"median":0.0,"max":0,"min":0,"mean":0.0},"b+hvap_over_40":{"median":2.0,"max":3,"min":0,"mean":1.7446221276889362},"hvap_over_45":{"median":0.0,"max":0,"min":0,"mean":0.0},"bvap_over_35":{"median":2.0,"max":3,"min":1,"mean":1.9297065351467324},"b+hvap_over_35":{"median":2.0,"max":4,"min":1,"mean":2.0665439667280165}}