{"hvap_over_40":{"median":0.0,"max":0,"min":0,"mean":0.0},"bvap_over_25":{"median":17.0,"max":25,"min":11,"mean":17.452556773721614},"hvap_over_35":{"median":0.0,"max":0,"min":0,"mean":0.0},"b+hvap_over_30":{"median":21.0,"max":28,"min":13,"mean":20.562417718791142},"bvap_over_45":{"median":1.0,"max":5,"min":0,"mean":1.2579533710233144},"b+hvap_over_50":{"median":2.0,"max":7,"min":0,"mean":2.0380239809880094},"bvap_over_50":{"median":0.0,"max":3,"min":0,"mean":0.31409934295032854},"hvap_over_30":{"median":0.0,"max":0,"min":0,"mean":0.0},"bvap_over_40":{"median":3.0,"max":8,"min":0,"mean":2.9299675350162326},"b+hvap_over_45":{"median":5.0,"max":10,"min":0,"mean":4.802323098838451},"hvap_over_50":{"median":0.0,"max":0,"min":0,"mean":0.0},"b+hvap_over_25":{"median":27.0,"max":34,"min":21,"mean":26.81027309486345},"bvap_over_30":{"median":11.0,"max":18,"min":5,"mean":10.990984004507999},"hvap_over_25":{"median":0.0,"max":0,"min":0,"mean":0.0},"b+hvap_over_40":{"median":9.0,"max":15,"min":3,"mean":9.178909410545295},"hvap_over_45":{"median":0.0,"max":0,"min":0,"mean":0.0},"bvap_over_35":{"median":6.0,"max":12,"min":1,"mean":5.871908064045968},"b+hvap_over_35":{"median":14.0,"max":21,"min":8,"mean":14.463678768160616}}