{"hvap_over_40":{"median":0.0,"max":0,"min":0,"mean":0.0},"bvap_over_25":{"median":40.0,"max":50,"min":32,"mean":40.05790147104926},"hvap_over_35":{"median":0.0,"max":0,"min":0,"mean":0.0},"b+hvap_over_30":{"median":47.0,"max":57,"min":37,"mean":46.53640473179763},"bvap_over_45":{"median":7.0,"max":13,"min":2,"mean":7.418373290813355},"b+hvap_over_50":{"median":11.0,"max":18,"min":4,"mean":10.96108151945924},"bvap_over_50":{"median":4.0,"max":9,"min":0,"mean":3.824025087987456},"hvap_over_30":{"median":0.0,"max":0,"min":0,"mean":0.0},"bvap_over_40":{"median":12.0,"max":19,"min":4,"mean":12.35969782015109},"b+hvap_over_45":{"median":18.0,"max":26,"min":10,"mean":17.592206203896897},"hvap_over_50":{"median":0.0,"max":0,"min":0,"mean":0.0},"b+hvap_over_25":{"median":60.0,"max":70,"min":48,"mean":60.51835024082488},"bvap_over_30":{"median":29.0,"max":37,"min":19,"mean":28.8074365962817},"hvap_over_25":{"median":0.0,"max":1,"min":0,"mean":0.005791997104001448},"b+hvap_over_40":{"median":25.0,"max":33,"min":17,"mean":25.254407372796315},"hvap_over_45":{"median":0.0,"max":0,"min":0,"mean":0.0},"bvap_over_35":{"median":19.0,"max":27,"min":12,"mean":19.266938366530816},"b+hvap_over_35":{"median":35.0,"max":44,"min":26,"mean":34.59811270094365}}