{"hvap_over_40":{"median":2.0,"max":6,"min":0,"mean":2.1046694476652763},"bvap_over_25":{"median":4.0,"max":7,"min":1,"mean":3.724800637599681},"hvap_over_35":{"median":4.0,"max":7,"min":1,"mean":3.7736816131591935},"b+hvap_over_30":{"median":16.0,"max":21,"min":10,"mean":15.63867068066466},"bvap_over_45":{"median":1.0,"max":3,"min":0,"mean":1.3332378333810833},"b+hvap_over_50":{"median":5.0,"max":9,"min":2,"mean":5.322192338903831},"bvap_over_50":{"median":1.0,"max":2,"min":0,"mean":1.0650234674882662},"hvap_over_30":{"median":6.0,"max":10,"min":2,"mean":5.490672254663873},"bvap_over_40":{"median":2.0,"max":4,"min":0,"mean":1.6376931811534094},"b+hvap_over_45":{"median":7.0,"max":12,"min":3,"mean":6.991058004470998},"hvap_over_50":{"median":1.0,"max":3,"min":0,"mean":0.7502386248806876},"b+hvap_over_25":{"median":19.0,"max":25,"min":13,"mean":19.449922775038612},"bvap_over_30":{"median":2.0,"max":5,"min":1,"mean":2.4171542914228543},"hvap_over_25":{"median":8.0,"max":12,"min":4,"mean":7.730314634842682},"b+hvap_over_40":{"median":10.0,"max":14,"min":5,"mean":9.51579374210313},"hvap_over_45":{"median":1.0,"max":4,"min":0,"mean":1.1351859324070337},"bvap_over_35":{"median":2.0,"max":5,"min":0,"mean":1.9810205094897453},"b+hvap_over_35":{"median":12.0,"max":18,"min":7,"mean":12.013565993217004}}