{"hvap_over_40":{"median":0.0,"max":1,"min":0,"mean":0.10538089461910538},"bvap_over_25":{"median":1.0,"max":2,"min":0,"mean":1.0945629054370947},"hvap_over_35":{"median":1.0,"max":2,"min":0,"mean":0.6284813715186285},"b+hvap_over_30":{"median":4.0,"max":7,"min":2,"mean":4.037452962547038},"bvap_over_45":{"median":0.0,"max":1,"min":0,"mean":0.013438986561013439},"b+hvap_over_50":{"median":1.0,"max":3,"min":0,"mean":1.2286057713942287},"bvap_over_50":{"median":0.0,"max":0,"min":0,"mean":0.0},"hvap_over_30":{"median":1.0,"max":3,"min":0,"mean":1.3204346795653203},"bvap_over_40":{"median":0.0,"max":1,"min":0,"mean":0.17015282984717015},"b+hvap_over_45":{"median":2.0,"max":4,"min":0,"mean":1.841119158880841},"hvap_over_50":{"median":0.0,"max":0,"min":0,"mean":0.0},"b+hvap_over_25":{"median":6.0,"max":9,"min":3,"mean":5.889215110784889},"bvap_over_30":{"median":1.0,"max":2,"min":0,"mean":0.7281542718457281},"hvap_over_25":{"median":2.0,"max":4,"min":1,"mean":2.2938597061402937},"b+hvap_over_40":{"median":3.0,"max":5,"min":1,"mean":2.517588482411518},"hvap_over_45":{"median":0.0,"max":1,"min":0,"mean":0.001876998123001877},"bvap_over_35":{"median":0.0,"max":1,"min":0,"mean":0.42424457575542424},"b+hvap_over_35":{"median":3.0,"max":6,"min":1,"mean":3.2075287924712077}}