{"hvap_over_40":{"median":6.0,"max":10,"min":2,"mean":6.326667673332326},"bvap_over_25":{"median":9.0,"max":15,"min":4,"mean":9.186058813941186},"hvap_over_35":{"median":9.0,"max":14,"min":4,"mean":8.517406482593518},"b+hvap_over_30":{"median":30.0,"max":37,"min":23,"mean":29.946345053654948},"bvap_over_45":{"median":3.0,"max":6,"min":1,"mean":2.951152048847951},"b+hvap_over_50":{"median":14.0,"max":20,"min":7,"mean":13.517969482030518},"bvap_over_50":{"median":3.0,"max":5,"min":1,"mean":2.5513584486415515},"hvap_over_30":{"median":11.0,"max":17,"min":6,"mean":11.221069778930222},"bvap_over_40":{"median":4.0,"max":7,"min":1,"mean":3.7344702655297346},"b+hvap_over_45":{"median":17.0,"max":24,"min":10,"mean":16.657596342403657},"hvap_over_50":{"median":3.0,"max":7,"min":0,"mean":2.8355491644508355},"b+hvap_over_25":{"median":36.0,"max":44,"min":28,"mean":35.70785629214371},"bvap_over_30":{"median":7.0,"max":12,"min":3,"mean":6.73993926006074},"hvap_over_25":{"median":16.0,"max":23,"min":9,"mean":16.043693956306043},"b+hvap_over_40":{"median":20.0,"max":27,"min":14,"mean":20.264395735604264},"hvap_over_45":{"median":4.0,"max":8,"min":1,"mean":4.308864691135309},"bvap_over_35":{"median":5.0,"max":9,"min":2,"mean":4.904594095405905},"b+hvap_over_35":{"median":25.0,"max":31,"min":18,"mean":24.727739272260727}}