{"hvap_over_40":{"median":22.0,"max":28,"min":17,"mean":21.98897601102399},"bvap_over_25":{"median":0.0,"max":0,"min":0,"mean":0.0},"hvap_over_35":{"median":27.0,"max":33,"min":22,"mean":27.00908699091301},"b+hvap_over_30":{"median":33.0,"max":37,"min":29,"mean":33.477531522468475},"bvap_over_45":{"median":0.0,"max":0,"min":0,"mean":0.0},"b+hvap_over_50":{"median":14.0,"max":19,"min":9,"mean":13.846764153235847},"bvap_over_50":{"median":0.0,"max":0,"min":0,"mean":0.0},"hvap_over_30":{"median":32.0,"max":37,"min":27,"mean":32.052063947936055},"bvap_over_40":{"median":0.0,"max":0,"min":0,"mean":0.0},"b+hvap_over_45":{"median":19.0,"max":24,"min":15,"mean":19.405091594908406},"hvap_over_50":{"median":13.0,"max":17,"min":8,"mean":12.545554454445545},"b+hvap_over_25":{"median":36.0,"max":40,"min":32,"mean":36.41701258298742},"bvap_over_30":{"median":0.0,"max":0,"min":0,"mean":0.0},"hvap_over_25":{"median":36.0,"max":39,"min":31,"mean":35.54889545110455},"b+hvap_over_40":{"median":25.0,"max":31,"min":20,"mean":25.181953818046182},"hvap_over_45":{"median":17.0,"max":22,"min":12,"mean":16.933403066596934},"bvap_over_35":{"median":0.0,"max":0,"min":0,"mean":0.0},"b+hvap_over_35":{"median":30.0,"max":35,"min":25,"mean":29.59014440985559}}