{"hvap_over_40":{"median":36.0,"max":43,"min":28,"mean":35.66372066813967},"bvap_over_25":{"median":0.0,"max":0,"min":0,"mean":0.0},"hvap_over_35":{"median":45.0,"max":51,"min":38,"mean":44.82238358880821},"b+hvap_over_30":{"median":55.0,"max":61,"min":48,"mean":55.256265871867065},"bvap_over_45":{"median":0.0,"max":0,"min":0,"mean":0.0},"b+hvap_over_50":{"median":25.0,"max":31,"min":18,"mean":24.939694030152985},"bvap_over_50":{"median":0.0,"max":0,"min":0,"mean":0.0},"hvap_over_30":{"median":52.0,"max":58,"min":46,"mean":52.024119987940004},"bvap_over_40":{"median":0.0,"max":0,"min":0,"mean":0.0},"b+hvap_over_45":{"median":31.0,"max":39,"min":23,"mean":31.27971586014207},"hvap_over_50":{"median":23.0,"max":29,"min":15,"mean":22.582196708901645},"b+hvap_over_25":{"median":60.0,"max":65,"min":55,"mean":60.28234335882832},"bvap_over_30":{"median":0.0,"max":0,"min":0,"mean":0.0},"hvap_over_25":{"median":59.0,"max":64,"min":53,"mean":58.8251625874187},"b+hvap_over_40":{"median":40.0,"max":47,"min":33,"mean":39.764617617691194},"hvap_over_45":{"median":28.0,"max":35,"min":22,"mean":28.338039330980333},"bvap_over_35":{"median":0.0,"max":0,"min":0,"mean":0.0},"b+hvap_over_35":{"median":48.0,"max":54,"min":42,"mean":48.03828148085926}}