{"hvap_over_40":{"median":22.0,"max":28,"min":17,"mean":22.373061313469343},"bvap_over_25":{"median":0.0,"max":0,"min":0,"mean":0.0},"hvap_over_35":{"median":28.0,"max":34,"min":22,"mean":27.75647812176094},"b+hvap_over_30":{"median":34.0,"max":38,"min":29,"mean":33.83980208009896},"bvap_over_45":{"median":0.0,"max":0,"min":0,"mean":0.0},"b+hvap_over_50":{"median":14.0,"max":21,"min":8,"mean":14.050156474921762},"bvap_over_50":{"median":0.0,"max":0,"min":0,"mean":0.0},"hvap_over_30":{"median":32.0,"max":37,"min":27,"mean":32.3983058008471},"bvap_over_40":{"median":0.0,"max":0,"min":0,"mean":0.0},"b+hvap_over_45":{"median":20.0,"max":25,"min":14,"mean":19.668895665552167},"hvap_over_50":{"median":13.0,"max":19,"min":7,"mean":12.622877688561156},"b+hvap_over_25":{"median":37.0,"max":40,"min":33,"mean":36.66230416884792},"bvap_over_30":{"median":0.0,"max":0,"min":0,"mean":0.0},"hvap_over_25":{"median":36.0,"max":40,"min":31,"mean":35.818319590840204},"b+hvap_over_40":{"median":25.0,"max":31,"min":19,"mean":25.4090697954651},"hvap_over_45":{"median":17.0,"max":23,"min":12,"mean":17.096897951551025},"bvap_over_35":{"median":0.0,"max":0,"min":0,"mean":0.0},"b+hvap_over_35":{"median":30.0,"max":35,"min":24,"mean":29.909836545081728}}