{"hvap_over_40":{"median":35.0,"max":42,"min":29,"mean":35.17221482778517},"bvap_over_25":{"median":0.0,"max":0,"min":0,"mean":0.0},"hvap_over_35":{"median":45.0,"max":51,"min":38,"mean":44.48160551839448},"b+hvap_over_30":{"median":55.0,"max":60,"min":50,"mean":54.93151206848793},"bvap_over_45":{"median":0.0,"max":0,"min":0,"mean":0.0},"b+hvap_over_50":{"median":25.0,"max":31,"min":20,"mean":25.464703535296465},"bvap_over_50":{"median":0.0,"max":0,"min":0,"mean":0.0},"hvap_over_30":{"median":52.0,"max":57,"min":46,"mean":51.78070421929578},"bvap_over_40":{"median":0.0,"max":0,"min":0,"mean":0.0},"b+hvap_over_45":{"median":30.0,"max":37,"min":25,"mean":30.478033521966477},"hvap_over_50":{"median":23.0,"max":29,"min":17,"mean":23.13880086119914},"b+hvap_over_25":{"median":60.0,"max":65,"min":54,"mean":59.8992871007129},"bvap_over_30":{"median":0.0,"max":0,"min":0,"mean":0.0},"hvap_over_25":{"median":59.0,"max":64,"min":53,"mean":58.51581948418052},"b+hvap_over_40":{"median":39.0,"max":46,"min":33,"mean":39.45882154117846},"hvap_over_45":{"median":28.0,"max":33,"min":22,"mean":27.797379202620796},"bvap_over_35":{"median":0.0,"max":0,"min":0,"mean":0.0},"b+hvap_over_35":{"median":48.0,"max":54,"min":41,"mean":47.906407093592904}}