{"hvap_over_40":{"median":4.0,"max":8,"min":2,"mean":4.426083573916426},"bvap_over_25":{"median":1.0,"max":2,"min":0,"mean":0.8153131846868154},"hvap_over_35":{"median":7.0,"max":11,"min":3,"mean":7.138860861139139},"b+hvap_over_30":{"median":16.0,"max":20,"min":12,"mean":15.947999052000949},"bvap_over_45":{"median":0.0,"max":0,"min":0,"mean":0.0},"b+hvap_over_50":{"median":6.0,"max":10,"min":3,"mean":6.069247930752069},"bvap_over_50":{"median":0.0,"max":0,"min":0,"mean":0.0},"hvap_over_30":{"median":11.0,"max":15,"min":7,"mean":10.563801436198563},"bvap_over_40":{"median":0.0,"max":0,"min":0,"mean":0.0},"b+hvap_over_45":{"median":8.0,"max":12,"min":5,"mean":8.483973516026484},"hvap_over_50":{"median":2.0,"max":4,"min":0,"mean":2.306012693987306},"b+hvap_over_25":{"median":19.0,"max":24,"min":15,"mean":19.18122181877818},"bvap_over_30":{"median":0.0,"max":1,"min":0,"mean":0.2716897283102717},"hvap_over_25":{"median":14.0,"max":18,"min":10,"mean":13.925793074206926},"b+hvap_over_40":{"median":11.0,"max":15,"min":7,"mean":11.000829999170001},"hvap_over_45":{"median":3.0,"max":6,"min":1,"mean":3.164216835783164},"bvap_over_35":{"median":0.0,"max":1,"min":0,"mean":0.011571988428011572},"b+hvap_over_35":{"median":13.0,"max":17,"min":9,"mean":13.402561597438403}}