{"hvap_over_40":{"median":2.0,"max":5,"min":0,"mean":2.2103987896012103},"bvap_over_25":{"median":0.0,"max":1,"min":0,"mean":0.07574492425507574},"hvap_over_35":{"median":3.0,"max":6,"min":1,"mean":3.3213256786743215},"b+hvap_over_30":{"median":8.0,"max":12,"min":5,"mean":7.827515172484827},"bvap_over_45":{"median":0.0,"max":0,"min":0,"mean":0.0},"b+hvap_over_50":{"median":3.0,"max":5,"min":1,"mean":2.95990104009896},"bvap_over_50":{"median":0.0,"max":0,"min":0,"mean":0.0},"hvap_over_30":{"median":5.0,"max":8,"min":2,"mean":4.858847141152859},"bvap_over_40":{"median":0.0,"max":0,"min":0,"mean":0.0},"b+hvap_over_45":{"median":4.0,"max":7,"min":1,"mean":4.016154983845016},"hvap_over_50":{"median":1.0,"max":2,"min":0,"mean":0.9914650085349914},"b+hvap_over_25":{"median":10.0,"max":14,"min":6,"mean":10.027268972731028},"bvap_over_30":{"median":0.0,"max":0,"min":0,"mean":0.0},"hvap_over_25":{"median":6.0,"max":10,"min":4,"mean":6.4991445008554996},"b+hvap_over_40":{"median":5.0,"max":8,"min":2,"mean":5.307870692129308},"hvap_over_45":{"median":2.0,"max":3,"min":0,"mean":1.5687324312675688},"bvap_over_35":{"median":0.0,"max":0,"min":0,"mean":0.0},"b+hvap_over_35":{"median":6.0,"max":9,"min":3,"mean":6.487744512255488}}