{"hvap_over_40":{"median":2.0,"max":5,"min":0,"mean":2.2427048786475607},"bvap_over_25":{"median":0.0,"max":1,"min":0,"mean":0.083981958009021},"hvap_over_35":{"median":3.0,"max":6,"min":1,"mean":3.345268827365586},"b+hvap_over_30":{"median":8.0,"max":11,"min":5,"mean":7.7886871056564475},"bvap_over_45":{"median":0.0,"max":0,"min":0,"mean":0.0},"b+hvap_over_50":{"median":3.0,"max":6,"min":1,"mean":3.004013997993001},"bvap_over_50":{"median":0.0,"max":0,"min":0,"mean":0.0},"hvap_over_30":{"median":5.0,"max":8,"min":2,"mean":4.866669066665467},"bvap_over_40":{"median":0.0,"max":0,"min":0,"mean":0.0},"b+hvap_over_45":{"median":4.0,"max":7,"min":1,"mean":4.052924973537513},"hvap_over_50":{"median":1.0,"max":2,"min":0,"mean":0.9874290062854969},"b+hvap_over_25":{"median":10.0,"max":14,"min":7,"mean":9.895481052259473},"bvap_over_30":{"median":0.0,"max":0,"min":0,"mean":0.0},"hvap_over_25":{"median":6.0,"max":10,"min":4,"mean":6.459559770220115},"b+hvap_over_40":{"median":5.0,"max":8,"min":2,"mean":5.310789844605078},"hvap_over_45":{"median":2.0,"max":3,"min":0,"mean":1.583865208067396},"bvap_over_35":{"median":0.0,"max":0,"min":0,"mean":0.0},"b+hvap_over_35":{"median":6.0,"max":10,"min":4,"mean":6.48255525872237}}