{"hvap_over_40":{"median":4.0,"max":8,"min":2,"mean":4.363502318248841},"bvap_over_25":{"median":1.0,"max":2,"min":0,"mean":0.8124615937692031},"hvap_over_35":{"median":7.0,"max":11,"min":3,"mean":7.12290393854803},"b+hvap_over_30":{"median":16.0,"max":20,"min":12,"mean":15.941722529138735},"bvap_over_45":{"median":0.0,"max":0,"min":0,"mean":0.0},"b+hvap_over_50":{"median":6.0,"max":10,"min":3,"mean":6.0258574870712565},"bvap_over_50":{"median":0.0,"max":0,"min":0,"mean":0.0},"hvap_over_30":{"median":11.0,"max":15,"min":7,"mean":10.548263725868138},"bvap_over_40":{"median":0.0,"max":0,"min":0,"mean":0.0},"b+hvap_over_45":{"median":8.0,"max":13,"min":5,"mean":8.453509273245363},"hvap_over_50":{"median":2.0,"max":4,"min":0,"mean":2.3096268451865773},"b+hvap_over_25":{"median":19.0,"max":24,"min":15,"mean":19.175849912075044},"bvap_over_30":{"median":0.0,"max":1,"min":0,"mean":0.27616786191606907},"hvap_over_25":{"median":14.0,"max":18,"min":9,"mean":13.863654568172716},"b+hvap_over_40":{"median":11.0,"max":15,"min":7,"mean":10.979509010245495},"hvap_over_45":{"median":3.0,"max":6,"min":1,"mean":3.1494614252692874},"bvap_over_35":{"median":0.0,"max":1,"min":0,"mean":0.014502492748753626},"b+hvap_over_35":{"median":13.0,"max":18,"min":10,"mean":13.369024315487842}}