{"hvap_over_40":{"median":2.0,"max":4,"min":0,"mean":2.0671559664220167},"bvap_over_25":{"median":5.0,"max":8,"min":1,"mean":4.830913584543207},"hvap_over_35":{"median":3.0,"max":6,"min":1,"mean":2.892131553934223},"b+hvap_over_30":{"median":10.0,"max":14,"min":6,"mean":9.96285651857174},"bvap_over_45":{"median":1.0,"max":3,"min":0,"mean":0.9487480256259871},"b+hvap_over_50":{"median":5.0,"max":9,"min":2,"mean":5.3574483212758395},"bvap_over_50":{"median":1.0,"max":2,"min":0,"mean":0.6507731746134127},"hvap_over_30":{"median":4.0,"max":7,"min":2,"mean":4.044067977966011},"bvap_over_40":{"median":1.0,"max":3,"min":0,"mean":1.4058052970973514},"b+hvap_over_45":{"median":6.0,"max":10,"min":3,"mean":6.299821850089075},"hvap_over_50":{"median":1.0,"max":3,"min":0,"mean":1.2868278565860718},"b+hvap_over_25":{"median":13.0,"max":17,"min":8,"mean":12.672733163633419},"bvap_over_30":{"median":3.0,"max":6,"min":0,"mean":2.971532514233743},"hvap_over_25":{"median":5.0,"max":8,"min":2,"mean":5.2018353990823005},"b+hvap_over_40":{"median":7.0,"max":11,"min":4,"mean":7.4608337695831155},"hvap_over_45":{"median":2.0,"max":4,"min":0,"mean":1.6630741684629158},"bvap_over_35":{"median":2.0,"max":5,"min":0,"mean":1.967708516145742},"b+hvap_over_35":{"median":9.0,"max":13,"min":5,"mean":8.664253167873417}}