{"hvap_over_40":{"median":15.0,"max":21,"min":11,"mean":15.435623564376435},"bvap_over_25":{"median":27.0,"max":34,"min":19,"mean":26.90997409002591},"hvap_over_35":{"median":19.0,"max":25,"min":13,"mean":19.101510898489103},"b+hvap_over_30":{"median":56.0,"max":65,"min":47,"mean":55.7005682994317},"bvap_over_45":{"median":11.0,"max":17,"min":6,"mean":10.938036061963938},"b+hvap_over_50":{"median":33.0,"max":40,"min":27,"mean":32.761513238486764},"bvap_over_50":{"median":9.0,"max":14,"min":5,"mean":9.237016762983236},"hvap_over_30":{"median":24.0,"max":31,"min":17,"mean":23.572949427050574},"bvap_over_40":{"median":13.0,"max":18,"min":8,"mean":13.060608939391061},"b+hvap_over_45":{"median":37.0,"max":44,"min":30,"mean":36.933823066176934},"hvap_over_50":{"median":10.0,"max":15,"min":7,"mean":10.321718678281322},"b+hvap_over_25":{"median":65.0,"max":74,"min":56,"mean":65.46416653583347},"bvap_over_30":{"median":21.0,"max":29,"min":14,"mean":21.057862942137056},"hvap_over_25":{"median":30.0,"max":38,"min":23,"mean":29.992105007894992},"b+hvap_over_40":{"median":42.0,"max":48,"min":35,"mean":41.62922537077463},"hvap_over_45":{"median":13.0,"max":18,"min":8,"mean":12.56912743087257},"ood":{"median":35.0,"max":42,"min":28,"mean":34.7059802940197},"bvap_over_35":{"median":16.0,"max":23,"min":10,"mean":16.016015983984015},"b+hvap_over_35":{"median":47.0,"max":56,"min":40,"mean":47.43711356288644}}