{"hvap_over_40":{"median":6.0,"max":10,"min":3,"mean":5.874377562811219},"bvap_over_25":{"median":11.0,"max":18,"min":6,"mean":11.266134366932816},"hvap_over_35":{"median":8.0,"max":12,"min":4,"mean":7.577307211346394},"b+hvap_over_30":{"median":23.0,"max":30,"min":17,"mean":23.22724238637881},"bvap_over_45":{"median":3.0,"max":7,"min":0,"mean":3.4979947510026244},"b+hvap_over_50":{"median":13.0,"max":18,"min":9,"mean":13.16220241889879},"bvap_over_50":{"median":3.0,"max":6,"min":0,"mean":2.7726456136771933},"hvap_over_30":{"median":10.0,"max":14,"min":6,"mean":9.52064023967988},"bvap_over_40":{"median":4.0,"max":9,"min":1,"mean":4.508534745732627},"b+hvap_over_45":{"median":15.0,"max":20,"min":10,"mean":14.773927113036443},"hvap_over_50":{"median":4.0,"max":7,"min":1,"mean":3.6953496523251737},"b+hvap_over_25":{"median":28.0,"max":35,"min":22,"mean":28.392642303678848},"bvap_over_30":{"median":8.0,"max":13,"min":4,"mean":8.302985348507326},"hvap_over_25":{"median":12.0,"max":17,"min":8,"mean":12.412712293643853},"b+hvap_over_40":{"median":17.0,"max":22,"min":11,"mean":16.76405561797219},"hvap_over_45":{"median":5.0,"max":8,"min":2,"mean":4.6313306843346576},"bvap_over_35":{"median":6.0,"max":11,"min":2,"mean":5.9913085043457475},"b+hvap_over_35":{"median":19.0,"max":26,"min":14,"mean":19.494986752506623}}