{"hvap_over_40":{"median":0.0,"max":0,"min":0,"mean":0.0},"bvap_over_25":{"median":59.0,"max":69,"min":50,"mean":59.45015777492111},"hvap_over_35":{"median":0.0,"max":0,"min":0,"mean":0.0},"b+hvap_over_30":{"median":58.0,"max":69,"min":49,"mean":58.47795926102037},"bvap_over_45":{"median":18.0,"max":25,"min":9,"mean":17.814875092562453},"b+hvap_over_50":{"median":15.0,"max":24,"min":8,"mean":15.413960793019603},"bvap_over_50":{"median":10.0,"max":17,"min":4,"mean":10.477554761222619},"hvap_over_30":{"median":0.0,"max":0,"min":0,"mean":0.0},"bvap_over_40":{"median":26.0,"max":35,"min":18,"mean":26.107899946050026},"b+hvap_over_45":{"median":24.0,"max":33,"min":15,"mean":24.309322845338578},"hvap_over_50":{"median":0.0,"max":0,"min":0,"mean":0.0},"b+hvap_over_25":{"median":74.0,"max":84,"min":64,"mean":74.03428948285526},"bvap_over_30":{"median":46.0,"max":57,"min":37,"mean":46.425890287054855},"hvap_over_25":{"median":0.0,"max":0,"min":0,"mean":0.0},"b+hvap_over_40":{"median":34.0,"max":44,"min":26,"mean":34.29560735219632},"hvap_over_45":{"median":0.0,"max":0,"min":0,"mean":0.0},"bvap_over_35":{"median":35.0,"max":43,"min":26,"mean":35.101923449038274},"b+hvap_over_35":{"median":45.0,"max":55,"min":35,"mean":45.382250308874845}}