{"hvap_over_40":{"median":0.0,"max":0,"min":0,"mean":0.0},"bvap_over_25":{"median":23.0,"max":29,"min":16,"mean":22.95300302349849},"hvap_over_35":{"median":0.0,"max":0,"min":0,"mean":0.0},"b+hvap_over_30":{"median":23.0,"max":30,"min":16,"mean":22.672632663683668},"bvap_over_45":{"median":5.0,"max":10,"min":0,"mean":4.8870670564664715},"b+hvap_over_50":{"median":4.0,"max":9,"min":0,"mean":3.644542677728661},"bvap_over_50":{"median":2.0,"max":7,"min":0,"mean":2.123422938288531},"hvap_over_30":{"median":0.0,"max":0,"min":0,"mean":0.0},"bvap_over_40":{"median":8.0,"max":13,"min":3,"mean":8.171153414423292},"b+hvap_over_45":{"median":7.0,"max":12,"min":2,"mean":7.126093436953282},"hvap_over_50":{"median":0.0,"max":0,"min":0,"mean":0.0},"b+hvap_over_25":{"median":29.0,"max":36,"min":22,"mean":29.27650986174507},"bvap_over_30":{"median":17.0,"max":23,"min":11,"mean":16.674681662659168},"hvap_over_25":{"median":0.0,"max":0,"min":0,"mean":0.0},"b+hvap_over_40":{"median":11.0,"max":18,"min":5,"mean":11.196545901727049},"hvap_over_45":{"median":0.0,"max":0,"min":0,"mean":0.0},"bvap_over_35":{"median":12.0,"max":17,"min":7,"mean":11.821580089209956},"b+hvap_over_35":{"median":16.0,"max":22,"min":10,"mean":16.23612238193881}}