{"hvap_over_40":{"median":0.0,"max":0,"min":0,"mean":0.0},"bvap_over_25":{"median":4.0,"max":6,"min":2,"mean":4.111108444445778},"hvap_over_35":{"median":0.0,"max":0,"min":0,"mean":0.0},"b+hvap_over_30":{"median":4.0,"max":6,"min":1,"mean":3.9935825032087484},"bvap_over_45":{"median":0.0,"max":1,"min":0,"mean":0.021582489208755395},"b+hvap_over_50":{"median":0.0,"max":1,"min":0,"mean":0.002826498586750707},"bvap_over_50":{"median":0.0,"max":1,"min":0,"mean":8.99999550000225e-6},"hvap_over_30":{"median":0.0,"max":0,"min":0,"mean":0.0},"bvap_over_40":{"median":0.0,"max":2,"min":0,"mean":0.3122503438748281},"b+hvap_over_45":{"median":0.0,"max":2,"min":0,"mean":0.17460591269704365},"hvap_over_50":{"median":0.0,"max":0,"min":0,"mean":0.0},"b+hvap_over_25":{"median":5.0,"max":7,"min":3,"mean":5.145078927460537},"bvap_over_30":{"median":2.0,"max":5,"min":0,"mean":2.184874407562796},"hvap_over_25":{"median":0.0,"max":0,"min":0,"mean":0.0},"b+hvap_over_40":{"median":1.0,"max":3,"min":0,"mean":0.7784481107759446},"hvap_over_45":{"median":0.0,"max":0,"min":0,"mean":0.0},"bvap_over_35":{"median":1.0,"max":3,"min":0,"mean":0.9007115496442252},"b+hvap_over_35":{"median":2.0,"max":4,"min":0,"mean":1.9269600365199817}}