{"hvap_over_40":{"median":0.0,"max":0,"min":0,"mean":0.0},"bvap_over_25":{"median":20.0,"max":26,"min":14,"mean":19.724064137967932},"hvap_over_35":{"median":0.0,"max":0,"min":0,"mean":0.0},"b+hvap_over_30":{"median":21.0,"max":28,"min":15,"mean":21.251809874095063},"bvap_over_45":{"median":9.0,"max":13,"min":5,"mean":9.046849976575011},"b+hvap_over_50":{"median":9.0,"max":14,"min":6,"mean":9.502378748810626},"bvap_over_50":{"median":8.0,"max":12,"min":4,"mean":7.909687045156478},"hvap_over_30":{"median":0.0,"max":0,"min":0,"mean":0.0},"bvap_over_40":{"median":11.0,"max":15,"min":7,"mean":10.609000695499653},"b+hvap_over_45":{"median":11.0,"max":16,"min":7,"mean":11.446117776941112},"hvap_over_50":{"median":0.0,"max":0,"min":0,"mean":0.0},"b+hvap_over_25":{"median":26.0,"max":33,"min":20,"mean":26.24514437742781},"bvap_over_30":{"median":16.0,"max":21,"min":10,"mean":15.733259133370433},"hvap_over_25":{"median":0.0,"max":1,"min":0,"mean":0.07569746215126892},"b+hvap_over_40":{"median":14.0,"max":20,"min":9,"mean":13.9982450008775},"hvap_over_45":{"median":0.0,"max":0,"min":0,"mean":0.0},"bvap_over_35":{"median":13.0,"max":18,"min":8,"mean":12.822893588553205},"b+hvap_over_35":{"median":17.0,"max":23,"min":12,"mean":16.972249513875244}}