{"hvap_over_40":{"median":0.0,"max":0,"min":0,"mean":0.0},"bvap_over_25":{"median":7.0,"max":11,"min":3,"mean":6.731782634108683},"hvap_over_35":{"median":0.0,"max":0,"min":0,"mean":0.0},"b+hvap_over_30":{"median":7.0,"max":11,"min":3,"mean":7.011977994011003},"bvap_over_45":{"median":3.0,"max":5,"min":1,"mean":2.616810691594654},"b+hvap_over_50":{"median":3.0,"max":5,"min":1,"mean":2.650873174563413},"bvap_over_50":{"median":2.0,"max":4,"min":1,"mean":2.2018453990773006},"hvap_over_30":{"median":0.0,"max":0,"min":0,"mean":0.0},"bvap_over_40":{"median":3.0,"max":6,"min":1,"mean":3.104658947670526},"b+hvap_over_45":{"median":3.0,"max":6,"min":1,"mean":3.16076441961779},"hvap_over_50":{"median":0.0,"max":0,"min":0,"mean":0.0},"b+hvap_over_25":{"median":9.0,"max":13,"min":5,"mean":9.067413966293017},"bvap_over_30":{"median":5.0,"max":8,"min":2,"mean":4.8019485990257005},"hvap_over_25":{"median":0.0,"max":0,"min":0,"mean":0.0},"b+hvap_over_40":{"median":4.0,"max":7,"min":2,"mean":3.9380530309734847},"hvap_over_45":{"median":0.0,"max":0,"min":0,"mean":0.0},"bvap_over_35":{"median":4.0,"max":7,"min":2,"mean":3.783532608233696},"b+hvap_over_35":{"median":5.0,"max":9,"min":2,"mean":5.110608444695778}}