{"hvap_over_40":{"median":0.0,"max":0,"min":0,"mean":0.0},"bvap_over_25":{"median":2.0,"max":3,"min":1,"mean":1.6007591996204003},"hvap_over_35":{"median":0.0,"max":0,"min":0,"mean":0.0},"b+hvap_over_30":{"median":1.0,"max":3,"min":1,"mean":1.5380332309833844},"bvap_over_45":{"median":1.0,"max":1,"min":0,"mean":0.9334345332827334},"b+hvap_over_50":{"median":1.0,"max":1,"min":0,"mean":0.9297675351162324},"bvap_over_50":{"median":1.0,"max":1,"min":0,"mean":0.7182786408606796},"hvap_over_30":{"median":0.0,"max":0,"min":0,"mean":0.0},"bvap_over_40":{"median":1.0,"max":2,"min":0,"mean":0.9974500012749994},"b+hvap_over_45":{"median":1.0,"max":2,"min":0,"mean":0.987847006076497},"hvap_over_50":{"median":0.0,"max":0,"min":0,"mean":0.0},"b+hvap_over_25":{"median":2.0,"max":3,"min":1,"mean":2.4106642946678525},"bvap_over_30":{"median":1.0,"max":2,"min":1,"mean":1.2450763774618112},"hvap_over_25":{"median":0.0,"max":0,"min":0,"mean":0.0},"b+hvap_over_40":{"median":1.0,"max":2,"min":1,"mean":1.0374359812820093},"hvap_over_45":{"median":0.0,"max":0,"min":0,"mean":0.0},"bvap_over_35":{"median":1.0,"max":2,"min":1,"mean":1.0607934696032653},"b+hvap_over_35":{"median":1.0,"max":2,"min":1,"mean":1.143746428126786}}