{"hvap_over_40":{"median":8.0,"max":12,"min":4,"mean":7.655516172241914},"bvap_over_25":{"median":2.0,"max":5,"min":0,"mean":1.7415896292051853},"hvap_over_35":{"median":10.0,"max":15,"min":6,"mean":10.136227431886285},"b+hvap_over_30":{"median":24.0,"max":28,"min":19,"mean":23.84876907561546},"bvap_over_45":{"median":0.0,"max":0,"min":0,"mean":0.0},"b+hvap_over_50":{"median":10.0,"max":15,"min":6,"mean":10.47545676227162},"bvap_over_50":{"median":0.0,"max":0,"min":0,"mean":0.0},"hvap_over_30":{"median":14.0,"max":19,"min":9,"mean":13.812234593882703},"bvap_over_40":{"median":0.0,"max":1,"min":0,"mean":0.005724497137751431},"b+hvap_over_45":{"median":13.0,"max":19,"min":8,"mean":12.742009628995186},"hvap_over_50":{"median":5.0,"max":8,"min":3,"mean":5.190813904593048},"b+hvap_over_25":{"median":28.0,"max":31,"min":23,"mean":27.76256811871594},"bvap_over_30":{"median":1.0,"max":3,"min":0,"mean":0.7001046499476751},"hvap_over_25":{"median":19.0,"max":23,"min":14,"mean":18.68958065520967},"b+hvap_over_40":{"median":16.0,"max":21,"min":11,"mean":15.885963057018472},"hvap_over_45":{"median":6.0,"max":10,"min":4,"mean":6.217158891420555},"bvap_over_35":{"median":0.0,"max":2,"min":0,"mean":0.19488390255804872},"b+hvap_over_35":{"median":19.0,"max":24,"min":14,"mean":19.429817785091107}}