{"hvap_over_40":{"median":10.0,"max":13,"min":6,"mean":9.52342723828638},"bvap_over_25":{"median":2.0,"max":5,"min":0,"mean":2.1493309253345374},"hvap_over_35":{"median":12.0,"max":18,"min":8,"mean":12.032675983662008},"b+hvap_over_30":{"median":27.0,"max":33,"min":22,"mean":27.23960588019706},"bvap_over_45":{"median":0.0,"max":1,"min":0,"mean":0.000235999882000059},"b+hvap_over_50":{"median":12.0,"max":18,"min":7,"mean":12.469828265085868},"bvap_over_50":{"median":0.0,"max":0,"min":0,"mean":0.0},"hvap_over_30":{"median":16.0,"max":21,"min":11,"mean":16.129993435003282},"bvap_over_40":{"median":0.0,"max":1,"min":0,"mean":0.06775096612451693},"b+hvap_over_45":{"median":15.0,"max":21,"min":10,"mean":15.309923845038078},"hvap_over_50":{"median":6.0,"max":10,"min":4,"mean":6.195619902190049},"b+hvap_over_25":{"median":32.0,"max":36,"min":27,"mean":31.906152546923728},"bvap_over_30":{"median":1.0,"max":4,"min":0,"mean":0.9420490289754855},"hvap_over_25":{"median":21.0,"max":27,"min":15,"mean":21.341824829087585},"b+hvap_over_40":{"median":19.0,"max":24,"min":13,"mean":18.657784671107663},"hvap_over_45":{"median":8.0,"max":12,"min":5,"mean":7.806139596930201},"bvap_over_35":{"median":0.0,"max":2,"min":0,"mean":0.37219681390159304},"b+hvap_over_35":{"median":23.0,"max":28,"min":17,"mean":22.5946282026859}}