{"hvap_over_40":{"median":43.0,"max":53,"min":35,"mean":43.05758797120601},"bvap_over_25":{"median":13.0,"max":20,"min":7,"mean":13.172070913964543},"hvap_over_35":{"median":54.0,"max":63,"min":45,"mean":53.57191421404289},"b+hvap_over_30":{"median":105.0,"max":114,"min":92,"mean":104.50580674709663},"bvap_over_45":{"median":2.0,"max":5,"min":0,"mean":2.1083789458105273},"b+hvap_over_50":{"median":53.0,"max":62,"min":44,"mean":52.84213207893396},"bvap_over_50":{"median":1.0,"max":5,"min":0,"mean":1.3333328333335834},"hvap_over_30":{"median":66.0,"max":76,"min":57,"mean":66.43528228235886},"bvap_over_40":{"median":3.0,"max":7,"min":0,"mean":3.296115851942074},"b+hvap_over_45":{"median":62.0,"max":72,"min":52,"mean":62.17069391465304},"hvap_over_50":{"median":30.0,"max":38,"min":24,"mean":29.690959154520424},"b+hvap_over_25":{"median":120.0,"max":129,"min":111,"mean":120.36788931605534},"bvap_over_30":{"median":8.0,"max":14,"min":3,"mean":8.144129927935037},"hvap_over_25":{"median":81.0,"max":89,"min":71,"mean":80.69289665355167},"b+hvap_over_40":{"median":75.0,"max":85,"min":65,"mean":74.62906518546741},"hvap_over_45":{"median":36.0,"max":44,"min":28,"mean":35.6049021975489},"bvap_over_35":{"median":5.0,"max":10,"min":1,"mean":5.066209466895266},"b+hvap_over_35":{"median":89.0,"max":99,"min":79,"mean":89.04213397893301}}