{"hvap_over_40":{"median":0.0,"max":0,"min":0,"mean":0.0},"bvap_over_25":{"median":3.0,"max":5,"min":1,"mean":3.421430289284855},"hvap_over_35":{"median":0.0,"max":0,"min":0,"mean":0.0},"b+hvap_over_30":{"median":4.0,"max":7,"min":1,"mean":4.109880445059778},"bvap_over_45":{"median":0.0,"max":1,"min":0,"mean":0.0006194996902501549},"b+hvap_over_50":{"median":0.0,"max":1,"min":0,"mean":0.00010699994650002675},"bvap_over_50":{"median":0.0,"max":0,"min":0,"mean":0.0},"hvap_over_30":{"median":0.0,"max":0,"min":0,"mean":0.0},"bvap_over_40":{"median":0.0,"max":2,"min":0,"mean":0.13995993002003498},"b+hvap_over_45":{"median":0.0,"max":2,"min":0,"mean":0.0851649574175213},"hvap_over_50":{"median":0.0,"max":0,"min":0,"mean":0.0},"b+hvap_over_25":{"median":6.0,"max":9,"min":3,"mean":5.976440011779994},"bvap_over_30":{"median":2.0,"max":4,"min":0,"mean":1.9779965110017446},"hvap_over_25":{"median":0.0,"max":0,"min":0,"mean":0.0},"b+hvap_over_40":{"median":1.0,"max":3,"min":0,"mean":0.7635621182189409},"hvap_over_45":{"median":0.0,"max":0,"min":0,"mean":0.0},"bvap_over_35":{"median":1.0,"max":3,"min":0,"mean":0.8525450737274631},"b+hvap_over_35":{"median":2.0,"max":5,"min":0,"mean":1.9091635454182272}}