{"hvap_over_40":{"median":0.0,"max":0,"min":0,"mean":0.0},"bvap_over_25":{"median":10.0,"max":15,"min":6,"mean":10.340820829589585},"hvap_over_35":{"median":0.0,"max":0,"min":0,"mean":0.0},"b+hvap_over_30":{"median":14.0,"max":19,"min":8,"mean":13.56028821985589},"bvap_over_45":{"median":1.0,"max":5,"min":0,"mean":1.4823037588481205},"b+hvap_over_50":{"median":1.0,"max":5,"min":0,"mean":1.2853313573343212},"bvap_over_50":{"median":0.0,"max":3,"min":0,"mean":0.42229978885010555},"hvap_over_30":{"median":0.0,"max":0,"min":0,"mean":0.0},"bvap_over_40":{"median":3.0,"max":7,"min":0,"mean":3.4075957962021017},"b+hvap_over_45":{"median":3.0,"max":7,"min":0,"mean":3.3020958489520753},"hvap_over_50":{"median":0.0,"max":0,"min":0,"mean":0.0},"b+hvap_over_25":{"median":18.0,"max":25,"min":13,"mean":18.44595627702186},"bvap_over_30":{"median":8.0,"max":12,"min":4,"mean":7.890665554667223},"hvap_over_25":{"median":0.0,"max":1,"min":0,"mean":0.06635296682351659},"b+hvap_over_40":{"median":6.0,"max":11,"min":1,"mean":6.196496901751549},"hvap_over_45":{"median":0.0,"max":0,"min":0,"mean":0.0},"bvap_over_35":{"median":6.0,"max":10,"min":2,"mean":5.691380154309923},"b+hvap_over_35":{"median":9.0,"max":15,"min":5,"mean":9.474720262639869}}