{"hvap_over_40":{"median":0.0,"max":0,"min":0,"mean":0.0},"bvap_over_25":{"median":26.0,"max":34,"min":20,"mean":26.414647792676103},"hvap_over_35":{"median":0.0,"max":1,"min":0,"mean":0.0009449995275002363},"b+hvap_over_30":{"median":34.0,"max":42,"min":26,"mean":33.70266014866993},"bvap_over_45":{"median":7.0,"max":12,"min":2,"mean":6.689717155141422},"b+hvap_over_50":{"median":7.0,"max":12,"min":1,"mean":6.715395642302179},"bvap_over_50":{"median":4.0,"max":9,"min":0,"mean":3.9860670069664965},"hvap_over_30":{"median":0.0,"max":3,"min":0,"mean":0.27989286005356995},"bvap_over_40":{"median":10.0,"max":15,"min":4,"mean":9.927102536448732},"b+hvap_over_45":{"median":11.0,"max":17,"min":5,"mean":10.894897052551475},"hvap_over_50":{"median":0.0,"max":0,"min":0,"mean":0.0},"b+hvap_over_25":{"median":46.0,"max":54,"min":37,"mean":45.62881068559466},"bvap_over_30":{"median":19.0,"max":26,"min":13,"mean":19.193876403061797},"hvap_over_25":{"median":2.0,"max":5,"min":0,"mean":1.8033535983232007},"b+hvap_over_40":{"median":17.0,"max":25,"min":10,"mean":17.100254449872775},"hvap_over_45":{"median":0.0,"max":0,"min":0,"mean":0.0},"bvap_over_35":{"median":14.0,"max":20,"min":8,"mean":13.708341645829178},"b+hvap_over_35":{"median":25.0,"max":32,"min":16,"mean":24.895582052208972}}